video_url,video_id,title,channel,caption
https://www.youtube.com/watch?v=eGCUb9nFUjg&list=PLj_F-FxRi9JXO-7Qg2RxFbFeXQvBLcs00,eGCUb9nFUjg,"정신과 전문의들이 알려주는 '마약, 왜 못 끊을까?'",정신과의사 뇌부자들,가장 흩어 순간이 언제 였어요 그 마약 했을 때 빼고 어제 갈 제발 하나더 제가 그러면서 박 매달리기도 하고 땀나고 5막 오들오들 떨고 불안 해야죠 o 뭐 좀 최근에 이제 마약에 대한 통 영상이 3부 시리즈 2개 업로드 됐잖아요 왜 그렇죠 어떻게 보셨어요 보신 보셨어요 아 이런 말 하기 좀 뭐하지만 재미가 많이 없어 보여 가지고 웰라 왔구나 싶어서 아냐 쓱 한번 빨리 감기 로 넘기고 요 그 박살날 빨리감기 를 넘는 곳도 재생 씨의 포함이 되나요 그걸 잘 모르겠어요 저희가 빨리 이 튜브의 로직과 알고리즘을 파헤쳐야 되는데 아 저는 그래도 그래 빨리 돌렸다가 조회수 만나 볼까 봐 재생을 눌러 놓고 아이들과 놀고 으 쓰고 있어요 조회수 움직이게 편안히 백령 알텐데 그림 이래요 아 재 생각에는 이번에 우리 허균이 5 4 3 2 께서 정말 신기할정도로 3분의 탁 씩을 맞춰 그러니까요 그 점은 정말 놓게 사용하네요 깜짝 놀랐네 거기에 맞추는 데 강박적으로 집착한 나머지 나머지 모든 부분을 다 놓지 않았나 이런 3 나머지 라고 하면은 뭐 채미 정으로 유익한 흥미 같은 것들이 있겠죠 많이 들어가는 한 달 때 겁재 의 수로와 어 강화 놀랐네요 카메라 기사 분께서 들어오셔서 갑자기 개 한테 예 그래서 저희가 이번 방송을 통해서 아 대체 마약이 왜 위험한 거냐 마약이 또 치어 어떤 방식으로 작용을 하길래 이렇게 중독성이 강한 거냐 이런 점들에 대해서 조금 더 유익한 정보를 전달 해 드리고자 3월 시리즈를 새로 준비를 했죠 4 지금부터 3분이 4 스타트 해주세요 4 마약이 위험한 이유는 아마 시청자 분들 전부 아실 거에요 중독이 되기 때문이죠 그 어떤 식으로 중복이 되나 이거에 대해서 설명을 들으려면 마약의 기전을 조금 설명을 들어야 될 텐데 아 약은 우리 도에서 이제 행보 코르 못 해 감을 느끼게 하는 호르몬 드린 세로토닌 도파민 이런 것들을 더 많이 분출 되게 만들어요 엘의 대해서 직접 부츠 시키기 때문에 먹는 즉시 행복해 지게 되죠 오토모 선생님은 살면서 행복했던 수가 리 좀 가장 깨끗한 순간이 언제 였어요 그 마약 했을 때 빼고 아우 마비나 하지 말아야 그래야 사회 되지 않은 들이 그런데 조금 잘 해주시구요 제가 이 대번에 있길래 좀 생각을 해봤는데 아무래도 제 인생에서 가장 행복했던 순간은 아이가 태어나 던 바로 그 순간 아닌가 이제 하나밖에 없는 보물이 줘 그래서 전을 그 행복을 잊지 못해 가지고 둘째를 이렇게 가졌는데 5동 선생님은 말 말 이렇게 하시지 나는 하나로도 인생이 너무 힘들다 라고 하시고 나서 하나만 열심히 키워야지 사실이 아닙니다 그렇기 때문에 그러면 김정수 임은 대체 언제가 가장 이렇게 많이 행복하셔요 초 빨러 나올 때 요 빨리 따라 가요 4 예 아 그때가 너무 행복해서 이제 수가 없고요 저흰 외부 자들에 대해서 정말 저희끼리 가 뽕 맞았다 하는 순간들이 있잖아요 언제 줘 그 저희가 팟캐스트 하는 초반에 한자 아이튠즈 전체 2위까지 올라갔던 적이 있었어요 그때는 뭔가 될 것 같고 해서 하늘을 넣는 것 같은 느낌이랄까 그래서 하루에도 수시로 그 아이튠즈 화면을 여러가지고 확인을 하고 그랬었는데 요즘에는 스크린샷으로 막 만날 수 있다 저는 또 저희도 의자 활동 하면서 저희가 어떤 대회에 나간 적이 있을 때는 꽤 큰 대회에 나간 적이 있었는데 40대 경단 이게 다른 참가한 팀들을 모든 팀원들이 와가지고 막 다 같이 응원하고 막 죽은 데서 기다리고 있고 있는데 저희는 저 혼자 왔어요 주제가 카톡으로 계속 어떻게 딜에 나 혼자 이런 곳에 고민했고 업체 암소에 다모 하게 만든 거냐 에 예 d 대 영원히 저주할 거다 이러면서 우울하게 있었는데 갑자기 정말 뜬금포로 응어리가 국무총리 대상을 받은 야 어 그렇죠 에 정말 그때 순가 먼저 탁본 맞은 느낌이 아직까지 잊혀지지 않아요 내부 잔을 딱 그런 순간 뭐지 이고 현실이 약간 연계가 흐려지고 막 했는데 사진을 찍어줄 저희 팀원 도 없어서 다른 팀원 분께서 사진 찍어주고 하셨었죠 근데 뭐 김준 샘 을 제외한 저희 팀원들은 다 공감 하겟지만 워낙 고생을 많이 해서 그 순간만큼은 운전이 혼자 즐겼으면 하는 마음에 드네요 1 저희가 그 자리에 참석하지 낳았어요 그런것도 나누며 는 아 아깝잖아 의 상태를 알고 독점하지 나고 오로지 김 중 3이 의 공으로 즐기자 칼바람 거 되게 촉촉해진 3 아 네 좋아요 자 그렇다면 저희가 이제 마약이 얘기해주면 했죠 아 예 인생의 아니잖아요 글 에 논 했는데 어쨌든 저희가 말하고자 하는 요지는 그 인생의 한 건 두 번 올까 말까 한 굉장히 큰 쾌감을 주는 행복한 순간을 마 약을 복용하면서 그 순간만큼은 느낄 수 있다는 거죠 내내 뭐 저희 먹방 전문의 신 헉 영어 쎄미 이야기할 식으로는 가장 맛있는 음식을 먹을 때 104 10배 정도의 쾌감을 마약을 복용했을 느낄 수 있다 이런 얘기를 해 주셨죠 허경 3 이미 이렇게 먹을 때마다 옆에 점수 없는데요 마야 그랬을 때 ooo 이고 오히려 40자 뭐 이렇게 안해도 되요 x 도 들어 가실 겁니까 예 어쨌든 이제 그런 쾌감을 느낄 수 있다는 건데 그렇다면 계속해서 마약을 하는 사람들은 끝없이 이런 행복감을 느낄 수 있는 다 이런 의문이 드실 텐데 뭐 정답은 다들 알고 계시겠죠 흔히 알고있는 마약을 하는 사람들의 말로는 그렇지 않잖아요 그 이유는 마약이 내성이 라는 것을 같기 때문입니다 매 성이란 반어 다들 잘 아실텐데요 어 간단하게 만 설명을 드리면 은 같은 물질 을 복용을 하더라도 시간이 지남에 따라서 같은 양의 쾌감을 만들기 위해서는 점점 더 많은 양의 물질이 필요하다는 겁니다 해서 하루에 뭐 한번 노력을 했다 라고 한다면 그 한번 복용할 때 양도 늘어나게 되고 유명한 횟수도 점점 늘어나 알게 되는 거죠 그래야지 이전에 느꼈던 쾌감을 느낄 수 있을 테니까요 그쵸 그리고 이런 강한 자극을 없고 나면은 이전 일상에서 느꼈다 소소한 행복들을 더 이상 느낄 수 없게 되어 마치 밥 먹기 전에 아이스크림이나 초콜릿 같은거 먹으면 밥맛이 떨어지는 것처럼 말이죠 그리고 제일 중요한 게 이런 뇌 호르몬 들 쾌감 호르몬들이 무한정 생성되는 것이 아니라 마약 사용량이 늘어나면서 이런데 호르몬들을 이렇게 계속 뿜어내고 나면은 더 이상 잔고가 안 남아 있게 된 오니 텅텅 비어 버리는 시기가 오는데 그 때는 더 이상 어떤것들을 통해서도 쾌감 행복이란 걸 느낄 수 없는 정말 낙이 없는 문제기 찾아오게 되죠 4 그런데 이렇게 위험한 그러면 마야 이런거 모두가 알고 있으면서도 왜 도중에 끊어 내지 못하는 걸까요 정말 그렇게 잘 나가는 사람들도 그렇죠 물질 자체가 굉장히 강한 중독성을 갖는다는 점을 가장 먼저 생각을 해볼 수 있을 것 같아요 보통 이제 막 을 처음 접하는 사람들이 생각하는 게 뭐 이번 한번 정도면 괜찮겠지 다음부터 안 하면 나는 그렇게 되지 않을 거야 이렇게 생각을 하는 경우도 있고요 특히 여행지에서 막을 접하는 경우에는 어 그냥 여기서 온김에 한번 해보지 뭐 한국 돌아가면 다시 원래대로 잘 생활하면 될 텐데 이런 생각을 하게 될 텐데 어 중독성이 굉장히 강한 물질이기 때문에 한 번만 복용을 해도 바로 중독이 되는 경우들이 생겨요 예 코카인 같은 물질 술이 좀 그럼 나라가 하나로 수가 있어 그렇죠 그렇다면 이제 중독성을 갖는다는 게 어떤 의미냐 라는게 궁금하실 텐데 금단증상 이라는게 생긴다 라고 연락을 할 수 있을 것 같아요 물질이 들어 오다가 들어오지 않으면 거기에 따라서 몸에서 여러가지 반응들이 생기게 되는데 그것을 이제 우리가 금단 이라고 부르 잖아요 담 나고 5막 오들오들 떨고 불안해 rotor 초조하고 불안하고 초조하고 뭐 손 같은걸 심하게 떨기도 하고 뭐 마약의 종류에 따라 다르지만 그런 모습들을 보이게 되는 거 저의 그리고 이런 신체 전 금단 증상 외에도 정신적인 금단증상이 이제 갈망 이런게 심하게 생겨요 그래서 다들 뭐 영화에서 보셨을텐데 어제가 제발 하나 더 주세요 여기서 박 매달리기도 하고 그런 장면이 나오죠 그래서 이성적으로는 아 이제 그만 둬야지 라는 걸 알면서도 이런 갈망 감은 이기지 못하고 중독에 빠져들게 되는데요 저희가 직접 왓더 환자분들을 좀 떠올려보면 은 사용할 때 처음부터 나는 앞으로 마약 중독자가 될 거야 마약 왕이 될 거야 으 상 아시겠어요 단연코 없었던것 같아요 대부분의 경우 이제 신체 통증이 너무 심해 넣은 일반적인 g20 해결이 안되니까 마약성 진통제를 썼다가 그 때 느껴지는 그 다 행감 회관 물을 좀 있지 못하고 계속 쓰 씻고 했었는데 그 중에서도 제가 기억나는 분은 이제 병원을 운영한 된 의사 선생님 션 데 보니 병원에 말 써지 통제가 많이 있으나 본인께서 그거를 정말 절제 못하고 계속 하다가 결국은 병화 분까지 닫게 되는 음 얘기가 있네요 4 가끔 뉴스 같은 데서도 보게 되요 제가 봤던 케이스는 이제 10대 여고생 이었는데 자외 목적으로 집에 있는 진통제를 무명을 하게 된 거예요 근데 거기에 이제 마약성 분들이고 사업 되어 있었던 거죠 그래서 그것들을 복용하고 났을 때 뜻하지 않게 어떤 다행히 인감 행복감이 이런 것들을 경험하게 는 된 다음에 사실은 이제 자일을 할 정도니까 평소에는 얼마나 누울 하겠어요 그러니까 거기서 탈출하기 위한 수단으로 이제 약을 복용하기 시작한 거죠 그래서 결과적으로는 이번 치료까지 해야 했었던 그런 깰 수도 있었습니다 4 어쨌든 저희가 마지막으로 좀 강조 드리고 싶은건 은 중독성 이란 게 굉장히 강한 물질이 잖아요 마약 이라는 이름이 괜히 붙은게 아니죠 예 그래서 저는 요즘 뭐 마약 김밥 마약 소스 온갖 곳에 이렇게 잘 붙어 있던데 솔직히 제가 이제 나이가 먹어서 좀 꼰대가 되서 그런지 굉장히 마음에 들지 않아요 약에 대한 경각심을 좀 낮추고 아임 어 가볍게 생각한 공에서 으음 그렇죠 약간은 좀 그런 측면이 있지 않을까 저도 우려되는 바가 있구요 어쨌든 한 번 한번은 괜찮게 찌라시는 생각 때문에 복용을 하시더라도 바로 중독이 되는 경우가 생길 수 있고 그거 때문에 결국에 헤어나오지 못하게 될 수도 있기 때문에 호기심으로 라도 접하지 않겠다 라는 생각을 마음속에 이렇게 3개 주시면 좋을 것 같다는 생각이 듭니다 그럼 오늘 저희 13분 많이 알고 싶다 으 식사 분인가요 혹시 맞나요 12분 25초 나와 이제 5 트랩 따지자면 33분 되겠는데 제가 이렇게 읽자 그려 놓을 게요 구해다가 살아라 어쨌든 오늘 영상 조금이나마 도움이 되시고 또 재밌게 보셨다면 은 구독 좋아요 알림설정 댓글쓰기 그리고 주변으로 의 많은 홍보 부탁드리겠습니다 잊지 말고 남겨주세요 감사합니다 감사합니다 아 풍물 제가 잘 먹지
https://www.youtube.com/watch?v=eGCUb9nFUjg,eGCUb9nFUjg,"정신과 전문의들이 알려주는 '마약, 왜 못 끊을까?'",정신과의사 뇌부자들,가장 흩어 순간이 언제 였어요 그 마약 했을 때 빼고 어제 갈 제발 하나더 제가 그러면서 박 매달리기도 하고 땀나고 5막 오들오들 떨고 불안 해야죠 o 뭐 좀 최근에 이제 마약에 대한 통 영상이 3부 시리즈 2개 업로드 됐잖아요 왜 그렇죠 어떻게 보셨어요 보신 보셨어요 아 이런 말 하기 좀 뭐하지만 재미가 많이 없어 보여 가지고 웰라 왔구나 싶어서 아냐 쓱 한번 빨리 감기 로 넘기고 요 그 박살날 빨리감기 를 넘는 곳도 재생 씨의 포함이 되나요 그걸 잘 모르겠어요 저희가 빨리 이 튜브의 로직과 알고리즘을 파헤쳐야 되는데 아 저는 그래도 그래 빨리 돌렸다가 조회수 만나 볼까 봐 재생을 눌러 놓고 아이들과 놀고 으 쓰고 있어요 조회수 움직이게 편안히 백령 알텐데 그림 이래요 아 재 생각에는 이번에 우리 허균이 5 4 3 2 께서 정말 신기할정도로 3분의 탁 씩을 맞춰 그러니까요 그 점은 정말 놓게 사용하네요 깜짝 놀랐네 거기에 맞추는 데 강박적으로 집착한 나머지 나머지 모든 부분을 다 놓지 않았나 이런 3 나머지 라고 하면은 뭐 채미 정으로 유익한 흥미 같은 것들이 있겠죠 많이 들어가는 한 달 때 겁재 의 수로와 어 강화 놀랐네요 카메라 기사 분께서 들어오셔서 갑자기 개 한테 예 그래서 저희가 이번 방송을 통해서 아 대체 마약이 왜 위험한 거냐 마약이 또 치어 어떤 방식으로 작용을 하길래 이렇게 중독성이 강한 거냐 이런 점들에 대해서 조금 더 유익한 정보를 전달 해 드리고자 3월 시리즈를 새로 준비를 했죠 4 지금부터 3분이 4 스타트 해주세요 4 마약이 위험한 이유는 아마 시청자 분들 전부 아실 거에요 중독이 되기 때문이죠 그 어떤 식으로 중복이 되나 이거에 대해서 설명을 들으려면 마약의 기전을 조금 설명을 들어야 될 텐데 아 약은 우리 도에서 이제 행보 코르 못 해 감을 느끼게 하는 호르몬 드린 세로토닌 도파민 이런 것들을 더 많이 분출 되게 만들어요 엘의 대해서 직접 부츠 시키기 때문에 먹는 즉시 행복해 지게 되죠 오토모 선생님은 살면서 행복했던 수가 리 좀 가장 깨끗한 순간이 언제 였어요 그 마약 했을 때 빼고 아우 마비나 하지 말아야 그래야 사회 되지 않은 들이 그런데 조금 잘 해주시구요 제가 이 대번에 있길래 좀 생각을 해봤는데 아무래도 제 인생에서 가장 행복했던 순간은 아이가 태어나 던 바로 그 순간 아닌가 이제 하나밖에 없는 보물이 줘 그래서 전을 그 행복을 잊지 못해 가지고 둘째를 이렇게 가졌는데 5동 선생님은 말 말 이렇게 하시지 나는 하나로도 인생이 너무 힘들다 라고 하시고 나서 하나만 열심히 키워야지 사실이 아닙니다 그렇기 때문에 그러면 김정수 임은 대체 언제가 가장 이렇게 많이 행복하셔요 초 빨러 나올 때 요 빨리 따라 가요 4 예 아 그때가 너무 행복해서 이제 수가 없고요 저흰 외부 자들에 대해서 정말 저희끼리 가 뽕 맞았다 하는 순간들이 있잖아요 언제 줘 그 저희가 팟캐스트 하는 초반에 한자 아이튠즈 전체 2위까지 올라갔던 적이 있었어요 그때는 뭔가 될 것 같고 해서 하늘을 넣는 것 같은 느낌이랄까 그래서 하루에도 수시로 그 아이튠즈 화면을 여러가지고 확인을 하고 그랬었는데 요즘에는 스크린샷으로 막 만날 수 있다 저는 또 저희도 의자 활동 하면서 저희가 어떤 대회에 나간 적이 있을 때는 꽤 큰 대회에 나간 적이 있었는데 40대 경단 이게 다른 참가한 팀들을 모든 팀원들이 와가지고 막 다 같이 응원하고 막 죽은 데서 기다리고 있고 있는데 저희는 저 혼자 왔어요 주제가 카톡으로 계속 어떻게 딜에 나 혼자 이런 곳에 고민했고 업체 암소에 다모 하게 만든 거냐 에 예 d 대 영원히 저주할 거다 이러면서 우울하게 있었는데 갑자기 정말 뜬금포로 응어리가 국무총리 대상을 받은 야 어 그렇죠 에 정말 그때 순가 먼저 탁본 맞은 느낌이 아직까지 잊혀지지 않아요 내부 잔을 딱 그런 순간 뭐지 이고 현실이 약간 연계가 흐려지고 막 했는데 사진을 찍어줄 저희 팀원 도 없어서 다른 팀원 분께서 사진 찍어주고 하셨었죠 근데 뭐 김준 샘 을 제외한 저희 팀원들은 다 공감 하겟지만 워낙 고생을 많이 해서 그 순간만큼은 운전이 혼자 즐겼으면 하는 마음에 드네요 1 저희가 그 자리에 참석하지 낳았어요 그런것도 나누며 는 아 아깝잖아 의 상태를 알고 독점하지 나고 오로지 김 중 3이 의 공으로 즐기자 칼바람 거 되게 촉촉해진 3 아 네 좋아요 자 그렇다면 저희가 이제 마약이 얘기해주면 했죠 아 예 인생의 아니잖아요 글 에 논 했는데 어쨌든 저희가 말하고자 하는 요지는 그 인생의 한 건 두 번 올까 말까 한 굉장히 큰 쾌감을 주는 행복한 순간을 마 약을 복용하면서 그 순간만큼은 느낄 수 있다는 거죠 내내 뭐 저희 먹방 전문의 신 헉 영어 쎄미 이야기할 식으로는 가장 맛있는 음식을 먹을 때 104 10배 정도의 쾌감을 마약을 복용했을 느낄 수 있다 이런 얘기를 해 주셨죠 허경 3 이미 이렇게 먹을 때마다 옆에 점수 없는데요 마야 그랬을 때 ooo 이고 오히려 40자 뭐 이렇게 안해도 되요 x 도 들어 가실 겁니까 예 어쨌든 이제 그런 쾌감을 느낄 수 있다는 건데 그렇다면 계속해서 마약을 하는 사람들은 끝없이 이런 행복감을 느낄 수 있는 다 이런 의문이 드실 텐데 뭐 정답은 다들 알고 계시겠죠 흔히 알고있는 마약을 하는 사람들의 말로는 그렇지 않잖아요 그 이유는 마약이 내성이 라는 것을 같기 때문입니다 매 성이란 반어 다들 잘 아실텐데요 어 간단하게 만 설명을 드리면 은 같은 물질 을 복용을 하더라도 시간이 지남에 따라서 같은 양의 쾌감을 만들기 위해서는 점점 더 많은 양의 물질이 필요하다는 겁니다 해서 하루에 뭐 한번 노력을 했다 라고 한다면 그 한번 복용할 때 양도 늘어나게 되고 유명한 횟수도 점점 늘어나 알게 되는 거죠 그래야지 이전에 느꼈던 쾌감을 느낄 수 있을 테니까요 그쵸 그리고 이런 강한 자극을 없고 나면은 이전 일상에서 느꼈다 소소한 행복들을 더 이상 느낄 수 없게 되어 마치 밥 먹기 전에 아이스크림이나 초콜릿 같은거 먹으면 밥맛이 떨어지는 것처럼 말이죠 그리고 제일 중요한 게 이런 뇌 호르몬 들 쾌감 호르몬들이 무한정 생성되는 것이 아니라 마약 사용량이 늘어나면서 이런데 호르몬들을 이렇게 계속 뿜어내고 나면은 더 이상 잔고가 안 남아 있게 된 오니 텅텅 비어 버리는 시기가 오는데 그 때는 더 이상 어떤것들을 통해서도 쾌감 행복이란 걸 느낄 수 없는 정말 낙이 없는 문제기 찾아오게 되죠 4 그런데 이렇게 위험한 그러면 마야 이런거 모두가 알고 있으면서도 왜 도중에 끊어 내지 못하는 걸까요 정말 그렇게 잘 나가는 사람들도 그렇죠 물질 자체가 굉장히 강한 중독성을 갖는다는 점을 가장 먼저 생각을 해볼 수 있을 것 같아요 보통 이제 막 을 처음 접하는 사람들이 생각하는 게 뭐 이번 한번 정도면 괜찮겠지 다음부터 안 하면 나는 그렇게 되지 않을 거야 이렇게 생각을 하는 경우도 있고요 특히 여행지에서 막을 접하는 경우에는 어 그냥 여기서 온김에 한번 해보지 뭐 한국 돌아가면 다시 원래대로 잘 생활하면 될 텐데 이런 생각을 하게 될 텐데 어 중독성이 굉장히 강한 물질이기 때문에 한 번만 복용을 해도 바로 중독이 되는 경우들이 생겨요 예 코카인 같은 물질 술이 좀 그럼 나라가 하나로 수가 있어 그렇죠 그렇다면 이제 중독성을 갖는다는 게 어떤 의미냐 라는게 궁금하실 텐데 금단증상 이라는게 생긴다 라고 연락을 할 수 있을 것 같아요 물질이 들어 오다가 들어오지 않으면 거기에 따라서 몸에서 여러가지 반응들이 생기게 되는데 그것을 이제 우리가 금단 이라고 부르 잖아요 담 나고 5막 오들오들 떨고 불안해 rotor 초조하고 불안하고 초조하고 뭐 손 같은걸 심하게 떨기도 하고 뭐 마약의 종류에 따라 다르지만 그런 모습들을 보이게 되는 거 저의 그리고 이런 신체 전 금단 증상 외에도 정신적인 금단증상이 이제 갈망 이런게 심하게 생겨요 그래서 다들 뭐 영화에서 보셨을텐데 어제가 제발 하나 더 주세요 여기서 박 매달리기도 하고 그런 장면이 나오죠 그래서 이성적으로는 아 이제 그만 둬야지 라는 걸 알면서도 이런 갈망 감은 이기지 못하고 중독에 빠져들게 되는데요 저희가 직접 왓더 환자분들을 좀 떠올려보면 은 사용할 때 처음부터 나는 앞으로 마약 중독자가 될 거야 마약 왕이 될 거야 으 상 아시겠어요 단연코 없었던것 같아요 대부분의 경우 이제 신체 통증이 너무 심해 넣은 일반적인 g20 해결이 안되니까 마약성 진통제를 썼다가 그 때 느껴지는 그 다 행감 회관 물을 좀 있지 못하고 계속 쓰 씻고 했었는데 그 중에서도 제가 기억나는 분은 이제 병원을 운영한 된 의사 선생님 션 데 보니 병원에 말 써지 통제가 많이 있으나 본인께서 그거를 정말 절제 못하고 계속 하다가 결국은 병화 분까지 닫게 되는 음 얘기가 있네요 4 가끔 뉴스 같은 데서도 보게 되요 제가 봤던 케이스는 이제 10대 여고생 이었는데 자외 목적으로 집에 있는 진통제를 무명을 하게 된 거예요 근데 거기에 이제 마약성 분들이고 사업 되어 있었던 거죠 그래서 그것들을 복용하고 났을 때 뜻하지 않게 어떤 다행히 인감 행복감이 이런 것들을 경험하게 는 된 다음에 사실은 이제 자일을 할 정도니까 평소에는 얼마나 누울 하겠어요 그러니까 거기서 탈출하기 위한 수단으로 이제 약을 복용하기 시작한 거죠 그래서 결과적으로는 이번 치료까지 해야 했었던 그런 깰 수도 있었습니다 4 어쨌든 저희가 마지막으로 좀 강조 드리고 싶은건 은 중독성 이란 게 굉장히 강한 물질이 잖아요 마약 이라는 이름이 괜히 붙은게 아니죠 예 그래서 저는 요즘 뭐 마약 김밥 마약 소스 온갖 곳에 이렇게 잘 붙어 있던데 솔직히 제가 이제 나이가 먹어서 좀 꼰대가 되서 그런지 굉장히 마음에 들지 않아요 약에 대한 경각심을 좀 낮추고 아임 어 가볍게 생각한 공에서 으음 그렇죠 약간은 좀 그런 측면이 있지 않을까 저도 우려되는 바가 있구요 어쨌든 한 번 한번은 괜찮게 찌라시는 생각 때문에 복용을 하시더라도 바로 중독이 되는 경우가 생길 수 있고 그거 때문에 결국에 헤어나오지 못하게 될 수도 있기 때문에 호기심으로 라도 접하지 않겠다 라는 생각을 마음속에 이렇게 3개 주시면 좋을 것 같다는 생각이 듭니다 그럼 오늘 저희 13분 많이 알고 싶다 으 식사 분인가요 혹시 맞나요 12분 25초 나와 이제 5 트랩 따지자면 33분 되겠는데 제가 이렇게 읽자 그려 놓을 게요 구해다가 살아라 어쨌든 오늘 영상 조금이나마 도움이 되시고 또 재밌게 보셨다면 은 구독 좋아요 알림설정 댓글쓰기 그리고 주변으로 의 많은 홍보 부탁드리겠습니다 잊지 말고 남겨주세요 감사합니다 감사합니다 아 풍물 제가 잘 먹지
https://www.youtube.com/watch?v=YZ97imCA96A,YZ97imCA96A,"3분만에 알고싶다 - 정신과약, 정말 살찌나요?",정신과의사 뇌부자들,잠이 잘 오고 풍년을 자락에 참 이자로 호수면 이 자료는 대처와 떡 많이 만드세요 분양해요 내부자 드립니다 1분 만에 알고싶다 또 돌아 왔읍니다 뭐 한번 할 수 있겠죠 투자금 한글도 별 기대 안 하시는 것 때문에 텔레 를 보자 오늘 주제는 뭘까요 정신과 양을 살이 찌나요 진짜 많이 듣는 질문 이거든요 4 어떠세요 그렇죠 저도 지금 많이 들어요 병원 자체가 젊으신 분들이 많이 찾아 오시고 4 특히 여성분들 사실 요즘에는 여성 남성을 거 없죠 약을 먹으면 살이 찌는 지형 장이 가능하십니다 결론부터 말하자면 살이 찔 가능성이 있습니다 네 여기까지 국회 역시 톤의 저희 해야 되겠다 3분 대처에 하지만 모든 약이 그렇지 않다는걸 좀 기억을 해 주셨으면 좋겠습니다 이런 오해가 많이 퍼진 이유가 아무래도 과거의 정신과 에서 옛날에 사용되던 약물들 같은 경 말 그리고 또 중증 정신 지를 안에서 사용되는 약물 들에서는 하게 찡 은 가능성 더 많았기 때문에 그래 썼던거 같아요 전공의 때를 생각을 해봐도 전공이 닦는 좀 증 질환자 를 많이 보기 때문에 또 염병 이라든지 특성 자 이런 데 사용되는 양 분들이 좀 살이 찌는 가능성 있는 약들이 많잖아요 그런 경험을 많이 했었던 갈게요 병동에 계신 분들이 팔에 많이 찌고 그래서 여러가지 막 행동 치료를 하잖아요 그런 경험 좀 많이 그리 가운 동방의 같이하게 그러 차원의 산책하고 내 같이 배드민턴도 치고 닫고 도치 9 그런 기업들의 정말 많습니다 정말 에 체중 증가 혹은 체중 감소 이거는 많은 실황 들에서 증 4 진단 기준의 하나로 이제 꼽히기도 하구요 저희 가지고 공부할 때도 어떤 약이 될 체중증가가 많이 되는지 어떤 약은 체중감소를 시킬 수 있는지 이런거를 내 외우고 외의 미녀 세미나 교수님께서 4 질문 하기도 하시고 그렇죠 맞아요 그래서 이만한 표가 있어가지고 그기에 체중 증가도 한줄이 있잖아요 마젤 플러스 하나에서부터 3개 4개 없는것 말하는 것도 굉장히 여러 개 봤었던 것 그런데 이제 그 중 증 질환자 분들 에서 쓰는 약이 체중증가가 많이 있다고 했잖아요 다 그럴까요 다 그렇진 않아 짜 일종의 1 정신병 양몰이 라고 부르는 얘긴데 판금 말씀드린 것처럼 없다 에서부터 실제로 체중증가가 연구들에서 없었던 야 붙어 있고 모처럼 감소 까는 경우도 인고 하지만 또 어떤 약 같은 경우에는 체중증가가 4+ m 이런것도 있고 굉장히 다양하게 있었던 것 같아요 근데 이게 또 잘 생각해 봐야 되는게 약대 회원이 지 혹은 증상 때문인지 잘 봐야 돼 예를 들어서 조연 병이다 라고 하면 양성 정상 음성 선상 있는데 망상 현각 이런것도 만 아니라 굉장히 감정표현이 제한되고 각각 일상 생활 들이 아니 위축되는 그런증상이 있거든요 그런 증상이 있다보면 특사 실험 그대로 하시는데 간음 책임이야 빠르 칠 수밖에 없죠 그리고 우울증 더 많은 분들이 못 먹고 못 주무시는 이런 상상을 많이들 생각하시는데 오히려 과 수면 많이만 부식이 없습니다 이런것도 우울증 증상을 수 있거든요 이런 증상 때문에 도 개정이 될 수 있습니다 사실 저희가 외에 해서 보는 환자 분들 중에서는 가장 많이 처방하는 양 우리 항우울제 잖아요 는 그야 개선 어떤지도 중요할 것 같아요 방금 이야기한 것처럼 급 우울증의 증상 지나기 좀 자체에도 들어가 있는게 식욕의 증가 또는 감속 체중의 증가 또는 감소 두가지가 다 가능하다는 거고 뭐 그 말은 다시 말하자면 병이 치료가 되는 과정에서 식욕에 감소해 있었던게 에 그냥 평범한 식용으로 돌아 온다면 당연히 체중이 줄어들었다가 원래대로 회복을 할 수 있는거잖아 는 그렇기 때문에 이게 약 때문에 일어난 어떤 부작용이 냐 아니면 원래대로 돌아올 어떤 치료하는 과정이 냐 여기에 대해서도 사실 논란의 여지가 있는 거죠 그렇죠 네 많은 부분들을 내 고려를 해야 쪼끔 저한테 어려운 얘기인데 어떤 기전으로 이렇게 살 찔 수 있는지 이 감아 생각해 주실 그냥 항우울제는 세로토닌을 증가 시키는 게 주 목적이다 뭐 요런 이야기들을 전에 방송에서 했었던 것 같은데 그런 세로토닌 부족 이 어떤 불한당 울 내 초조 이러한 감정은 만들 수 있죠 근데 그 세로토닌 수용체 중에서 이씨 는 후 c 라고 하는데 해외 수용체의 같은 경우에 식욕을 조절하는 어떤 작용을 하고 있어요 그리고 또 한 가지 에로 터닝 에만 8월 제가 작용하는 게 아니라 히스타민 수용체 에도 작용을 하고 들어져 두가지 수영 제가 다 기분이나 감정에 조절 불안이나 초조한 증상 식욕 의 조절 수면 이런 것과 연구하는 게 이은 경우가 많아요 그래서 간단하게 얘기하자면 이런 영양 들 때문에 항우울제 종에서 잠이 자르고 표면을 자라게 해주는 어떤 양문 뜰 사람이 잘 하고 수면이 자료는 그쳐 똑딱 맞나요 그런 약하신 경우에는 동시에 체중을 증가시킬 수는 어떤 가능성이 있다 라고 이야기를 해요 두 가지로 나뉜 쓰고 있는거죠 잠도 자료지만 체중이 증가하는 것 잠이 안오고 체중증가가 오히려 없는 식욕을 억제시키는 그렇게 나뉠 수가 있다 라고 해요 그래서 아무래도 저희가 항우울제를 선택하는 과정에서도 전부 작은 프로파일을 보고 선택하는 경우 많거든요 무슨 약을 들이나 라고 고민을 할 때 화물 제 효과가 센 은어 그렇게 큰 차이는 없어요 다들 비슷한 효과를 가지고 있는데 이런 부 사용하는 좀 차이가 있어요 일단 어떤 약은 입맛이 떨어지고 잠이 얻는 거 어떤 약은 반대로 입맛이 만들고 점도 많이 오고 버튼 경우 약간 부작용 그거 를 이용해서 제약을 선택하기 파조 변론으로 얘기를 드리자면 앞에서 말씀드린 바와 같이 이런 항우울제가 살이 찔 수도 있고 안마 살이 찌지 않을 수도 있어요 그건 둘 다 가능한데 약에 따라 분명히 차이가 있고 그래서 이런 항우울제를 차 방 갖는 굉장히 같은 경우에 본인이 걱정이 되는 것들에 대해서 이야기를 하시고 나는 살이 찌는게 절대로 싫다 좋은게 있으면 꼭 이야기를 해주시면 그것을 피해서 약의 처방을 해 드리 거든요 그런 표현을 꼭 해주시면 좋을 것 같아요 adhd 약 처방 드리면서 늘 먀 멋이 격자 와 가슴 두근거림이 나 또 이렇게 편한 부작용이다 설명을 드리고 어떠셨나요 여쭤보면 어 입맛이 따라서 하는데 그게 너무 좋다 분들이 계셔서 그런 게 기억에 남네요 어쨌든 그 우울증으로 예를 들어 처음 오시면 제가 일부러 저 보통 잘 못 주무시고 입맛이 떨어져 주시니까 조민 막혀 줄 수 있고 전부 잘 될 수 는 항우울제를 들이 거든요 그러다 보면 이제 뭐 증상이 점점 좋아져서 살이 찌 시는 경우가 있거든요 그렇게 물로 저희가 체크 해 드리는게 맞지만 혹시나 허리가 무서워서 불편하시다면 말씀해주시기 만 표면은 약을 바꿀수도 있구요 그리고 또 것도 살이 쪽 빠질 수 있는 다른 약을 추가로 드릴 수도 있거든요 언어도 먼저 걱정하지 마시고 저희와 희생한 많이 나와 드셨으면 좋겠습니다 4 저희 요인을 1분 만에 알고싶다 시간은 이정도로 마무리를 하도록 하구요 저희 오늘 방송이 좋으셨다면 구독 그리고 좋아요 댓글과 알리 결정까지 에 꼭 부탁드리겠습니다 감사합니다 아 상담 coco
https://www.youtube.com/watch?v=5SI1uWmN7wo,5SI1uWmN7wo,3분만에 알고싶다 - 정신과 의사가 말하는 항우울제 (feat. 직함만 교수) [뇌부자들],정신과의사 뇌부자들,저는 이제 외부 트림 먹어본적이 있는데 아 차기로 모든것에 임도 먹어본 적이 있죠 그렇죠 4 지난 3분 시리즈 시간에 래 네 저희가 기분장애 들 마다 치료법이 다르다 그래서 소개해 드리겠다 라고 말씀 드렸는데요 일단 오늘은 일반으로 우울증 치료에 대해서 말씀 해보려고 해요 우울증치료 이러면 사실 엄청 만인 종류의 치료법들이 있는데 저희가 정신과 의사다 보니까 가장 자신 있게 말할 수 있는 그리고 전문 분야인 항우울제 에 대해서 먼저 말씀 드리려고 합니다 그래서 오늘의 주제는 항우울제 에 대해 3분만에 알아가기 까 되겠습니다 일단 항우울제 어떤 것들이 있냐 부터가 있으면 드려야 될 것 같아요 좀 대표적인 것들만 말씀드리면 ssri 라고 하는 종류의 약물이 있습니다 선택적 세로토닌 재흡수 억제제 많은 것을 줄여서 셀렉티브 3 노튼 리 없 테이크 인히비터 아정 즙이 그 이름 말한테 30초를 하하 죄송합니다 제가 좀 예 어쨌든 이런 약이 있구요 느 적으로 뭐 x 앞으로 줄로 프 트 문 마루 세팅 그 이런 종류의 약이 라고 하시면 넣으시는 분들은 아실 수 있을 것 같아요 그리고 세로토닌 에 더해서 노어 에피네프린 이라고 하는 신경전달 물질 까지 건드려서 불안이나 신체 증상의 조금 효과적이 있더라고 알려져 있는 snr 아이라고 내부온도 알려져 있죠 벨라 팍 씬 그리고 모쪼록 세틴 뭐 익 셀 데스 벨라 팍 씬 롤 약들이 있죠 그리고 신체 증상을 잘 잡아주기 때문에 막상 정신과 보다 뭐 종회 거나 신경외과에서 사실 더 많이 처방하고 있다고 해요 맞아 그리고 세로토닌 에 대해서 건드리지 않으면서 이동 밤 인간 of 디렉터리로 는 작용하는 10부 트인 년 많은 앤디 아라이 내 열의 약물도 있죠 네 저는 이제 외부 트림 먹어본적이 있는데 아 차기로 모든것에 임도 먹어본 적이 있죠 그렇죠 하하 네 저는 전공이 때 전국 일도 많이 바쁜데 논문까지 써야되는 그 시기에 아이 거치지 안되겠다 라고 하는데 다른 사람들이 좀 말이 권율 해줬어요 먹어보는 게 어떠냐 라고 힘들어 보인다 아 주고 먹었는데 그때 규 형이랑 둘이 4 외국에서 지낼 때 였거든요 말 안했는데 갑자기 오늘날 규영 이가 형 요즘 양 먹어 뭐 이런거 걸어줘요 왜 그랬더니 소형 요즘 약간 낮잠 을 하지 않는데 뭐 이런걸로 좋아야 다 사실 요즘 도민 들어서 외부 트리머 고티 난 그랬더니 얻어 묻힌 한다는 거예요 대체가 또 끈기가 없으니까 1 이슈 먹다가 말았는데 교회가 또 어느 날 갑자기 형이야 끈 어찌 * 가라 아 어디 숨겨 애써 그래서 아예 다른 사람 눈에 들게 보이는구나 놀랐었는데 어쨌든 보 턱은 이제 많은 분들께서 항우울제가 세로토닌을 좀 늘린다 이렇게 알고 있고 아 그럼 세로토닌 들어 있는 음식이나 건강보조식품 이런거 먹으면 되지 않냐 이런 친구들을 많이 하시는데 사실은 세로토닌 분비 증가 가 포인트가 아니라 세로토닌 의 부족으로 2 4 증가 되어 있던 세로토닌 수용체 스루 턴 미 세터의 민감성을 다시 원래대로 돌려 준다는 게 포인트 거든요 많이 어려운 내일에 네 그래서 대 세브란스병원 교수님을 여기 한번 모셨습니다 4짜 설명을 해 줘야죠 예 뭐 최대한 쉽게 좀 설명을 드릴께요 어 내 안에 이 세로토닌 을 담당하는 신경 세포들이 모여 있는 부위가 있어요 영어로는 라펠 클래스 하고 우리말로는 솔기 핵 이라고 하는 그 인데요 여기에 세포에서 분비된 세로토닌 을 잡아 먹는 일종의 자가 수용체가 존재합니다 분비 대세로 토니 퍼져 나가지 못하게 뉴런 안으로 다시 집어 넣는 역할을 한다 라고 생각하시면 쉬울 텐데요 보통 이 우울증 환자들은 이런 자가 수용체의 민감성 이라는게 증가가 되어 있는 경우가 많아서 세로토닌이 분비되는 족족 잡아먹는 거에요 그러니까 분비돼 세로토닌이 퍼져나갈 뭐 그게 없는 거죠 4 항우울제를 복용하면 은 방은 김 중 세미 얘기했던 것처럼 수용체의 민감성 이라는 게 낮아지기 때문에 이걸 탈 감자기 라고 부르는데요 결과적으로 예전 처럼 분비되는 세로토닌 은 바로 바로 잡아 먹지 않기 때문에 3 루터 인들이 좀 내고 코스로 퍼져나갈 수 있는 여유가 생기게 되는거죠 그래서 결과적으로는 3루 토니 작용을 해서 기분은 끌어 올리게 되는데 이런 과정을 거치기 때문에 먹은 직후에 펜시 세로토닌 분비 공원 시키는 겸 5건의 시크 오늘 저의 좋아져야 하는데 그렇지 않은 이유가 이런 기전이 중간에 껴 있기 때문이다 라고 생각이 겠어요 그래서 최소 2주 이상 꾸준히 복용해야 말하자 하기 시작한다 라고 얘기 앞부터 역시 의대 교수님 스타일 답게 굉장히 어렵게 설명된 션 보다 쉬울 수가 있나요 네 이제 우울증 시계의 어쨌든 달라 졌던 2 수용체 민감성을 원래대로 돌리는 거다 근데 간혹 가다가 정말 타고난 성격 자체가 바뀐다고 느껴지는 분들 좀 종종 되어 이게 어떤 식으로 저는 설명을 드리자면 은 사람마다 애초에 타고나는 세로토닌 시스템 이 품에 다 다르구요 그리고 자라나는 환경 그리고 트라우마 이런 영양 들에 의해서 어린 시기부터 성인이 될 때까지 뇌가 발달하면 서 세로토닌 시스템 도 제각각인 이까 느낄 수 있는 감정의 정도가 다 달라요 웅 감히 0.2 고 행복한게 발효 시점이 라고 할 때 어떤 사람은 항상 0에서 이 사이에서 살고 어떤 사람은 항상 6에서 8 사이에서 사는 거죠 만약 이 해서 4.42 정도의 감정으로 사는 사람이 있다고 해 봐요 그리고 상담 치료는 그 사람이 최대한 4점으로 살아갈 수 있도록 도와주는 보고 약물치료 낸 2에서 사회 머물러 있는 그 사람은 6에서 8로 아예 이동 시켜 버리는 치료라고 저는 보통 설명을 하거든요 그래서 가끔씩 정말 그 변화의 너무 어색해 하시는 분들 있어요 가족들도 어색해 노 요즘 이렇게 짜증을 안되냐 5 왜 이렇게 순 해줬어 왜 이렇게 기분이 좋아 보여요 그리고 본인도 거기에 굉장히 적응하기 힘드신 경우가 있는데 건물은 이런식으로 사람의 기분을 좀 끌어 올려줄 수 있다 난 점을 말씀드리고 싶어요 그리고 약물은 이제 얼마나 복용해야 되는지에 대해 넣어도 안 이들 궁금해 하시는데요 저희가 보통 설명을 드리기를 증상의 안정화 되고 나서도 1 유배 on 가능하다면 한 1년 정도는 좀 복용을 하시는 게 좋겠다 라고 이야기를 드립니다 어 당연히 더 모든 약이 부작용이 따라 50:00 항우울제 도 다양한 부작용들이 가능해요 자세한 것들은 저희가 다 설명 드릴수 없지만 어떤 분들은 좀 멍 해진 뭐 졸린 분들이 있고 입맛이 떨어지거나 뭐 경기 뭐 소화불량 이런 것들이 따라 오기도 하는데 어 처음에 먹고 아 역시 이렇게 먹으면 안되는 거였어 너무 위험하다 라고 소스라치게 놀라 듯이 침을 충전 하신 분들이 있는데 약물의 종이는 정말 많이 있고 자기에게 잘 맞는 약을 찾아가는 과정이 필요하기 때문에 자이로 7을 중단하지 마시고 꼭 주치의와 상담 후에 맞는 약을 찾아가는 과정을 밟아 나 가셨으면 좋겠습니다 맞습니다 그리고 복용하시는 직후에 조금 불편함이 있더라도 다시 3사에 지나고 나면은 고통 받으시는 지적 달인 잘 찾아보면 더 적응이 되시는 경우도 분명히 있기 때문에 아마 이 제일 먼저 겁을 좀 먹고 계시기 때문에 fe 나게 반응을 하게 되시는 것 같아요 근데 오늘 저희가 드린 설명이 좀 향후 일제에 대한 거부감을 줄이는 데 조금이라도 도움이 됐으면 좋겠습니다 네 오늘은 7분 시리즈 정도 되는 아 네 편집이 좀 살려 주겠죠 이래 보십시오
https://www.youtube.com/watch?v=hLrqtXByKxU,hLrqtXByKxU,기억이 안 나고 자꾸 멍해져요 (우울증과 기억력저하 ｜정신과약과 기억력저하의 관계) [정신과의사 - 뇌부자들],정신과의사 뇌부자들,대형 삼았을 뜻이고 아마 기억력 짠 여러번 격 하셨을 텐데요 제가 네 네 그렇습니다 어떻게 빨아주세요 그런데 안녕하세요 왜 사들인다 안녕하세요 안녕하세요 4 어 눈이 구식 4 환경 았지만 한데 저희가 조명 팔을 어떻게 잘 세워 놓고 전화를 안 읽히고 진행해 떨어 볼 차이가 1 클것 같네요 음 저희가 이정도입니다 정도로 허술한 대 다의 a6 분명히 방송을 하니까 이렇게 되네요 4 오늘은 검심 가 의 모습과 땅 분만에 알고싶다 시간인데요 전반에 제 항우울제 와 최종 생가에 대해서 얘기 한 점 있었죠 유리 여선생 하고 둘이서 진행하셨던 에 보셨나요 뭐 좋아요 오늘 눌러 줬습니다 아 안돼 감사합니다 4 라라 다 오늘은 우울증과 협력 차와 그리고 우울증에서 쓰는 제약과 기억력 저하의 대해서 얘기해볼까 그 동영상 댓글에 이런게 있었다고 해요 기억력 장애가 약물치료로 인한 부작용 있지 우울증 증상이 심해진 것인지 정리해 주실 수 있을까요 아 내 진료실에서 도 자주 듣는 어려운 질문입니다 이런 질문을 듣게 되면 저희가 오히려 치죠 변 때문이었지 그리고 약 때문에 일지 저희도 고민하게 되는데 어떻게 감별하는 지는 저희가 영상 후반에 좀 자세한 예시를 보여 드릴께요 근데 일단은 노우진 병 때문에 도 집중력 저하가 올 수 있다 이거에 대해서 헉 영생 설명을 좀 해주시죠 월 전 진단 기준을 쭉 보시면 그 중에 집중력 저하가 있거든요 시키냐 컬러가 안되면 기업이 안되는 건 당연합니다 원한의 집중을 해야 기억에 되구요 지오 얘기하는 것도 제가 집중을 해야 아 사람이 무슨 말 하는 건지 기억이 될 수가 있잖아요 그런데 이 우울증에서 나타나는 기억력 처하는 단순 건망증 라고 그칠 적인 차이가 있습니다 굉장히 뿌연 안개를 걷는 것처럼 굉장히 불쾌한 그런데 p 굉장히 심각한 경영 철학을 나타나는 경우도 있는데요 심한 경우에는 늘 가지고 뭘 하고 있는 건지 뭘 해야 되는건지 이런것도 창어 기억이 나지 않는 경우가 있어요 그러다 보니까 2차적으로 우울 증상이 심해지는 경우도 많습니다 오입 분들께서 우울증 심하게 않으신 경우에는 가성 치매 라고 치면 줄 알고 병원에 갔는데 우울증 이더라 이렇게 까 색깔인 경우가 있고 맛의 가보자 분들 이렇게 모시고 왔는데 막상 검사해 보면 치매 나는 쉽고 우울증으로 한다 내게 될 경우가 있다 그정도로 우울증에서 기억력 저하는 꽤 흔하고 쉬운 증상 이기도 하구요 그럼 무엇 때문에 우울증에서 의 뒷 영역이 떨어진 야 라고 할 때 코티졸 이란 물질을 얘기할 수 밖에 없습니다 스트레스 호르몬 이라고도 불리는데요 이제 우울증과 스트레스는 떼려야 뗄 수가 없잖아요 때 스트레스를 받으면 우리 머리 내는 이래 스트레스 상황 속에서 좀 더 재빠르게 기민하게 반응 해야 되니까 코치 조민아 물질에 막부 만해서 내를 톡 빠르게 돌아가게 만들어요 아까 홈이 다가온 상황에서 어떻게 하면 살 수 있을까 계속 채워 줘 아아 과잉 행동을 하게 되는데 그건 그건 에 이어서 탈지 그리고 돼 3 보여 죽음으로 까지 이어지게 됩니다 그래서 스트레스를 너무 받게 되면 은 이 제도에 세포가 살기 위해서 어데서 끼리만 연결돼 있던 것들을 연결 해제 시킬 그런데 스포 끼리 연결돼 가지고 정보를 따다 전달하면서 머리가 빠르게 돌아가고 학습이 될 수 있었는데 연결 해제 상황이 되면 은 제 머리가 잘 안들어가고 기억력이 떨어진 것처럼 느끼게 되는 건 저의 꼬리 살게 하는 거죠 그리고 이제 콜트 쪼리 라는 물질이 많아지면 은 우리 양측이 줘 관장님이 속에 있는 기억력을 담당하는 부인 펜화 라는 곳이 직접적으로 손상을 받게 됩니다 그래서 심한 우울증은 반복적으로 알은 분들의 경우에는 mri 같은 뇌 영상을 찍어 보면 실제로 해나가 정상인에 비해 더 작아져 있는 경우 결과를 보이기도 해요 그런데 해 말하는 부리는 굉장히 탄력성이 있는 부위에 요 우울증에서 회복하고 난 피의 어떤 학습을 한다든지 어떤 인지 전략 같은걸 통해서 교육을 한다든지 하면 얼마든지 다시 돌아올 줄 수 있는 거죠 여러분이 코르 티 절에 영양 뿐만 아니라 도파민 이라는 신경전달 물질 도로 굉장히 우울증의 기억력 처의 많은 영향을 주는 되요 이 두 판 자체가 지킨 효과도 관련있는 신경전달물질이 구요 그리고 흔히 납회 간 과 관련이 되어 있는데 우울증 외상이 도파민이 부족하다 보니까 뭘 해서 재미가 없어요 노래 쓸 때 재미가 있어야 새로운 걸 좀 찾아보고 반복적으로 떠올리면서 학습을 하게 되는데 세미가 없으니까 찾아 보지도 않을 뿐더러 떠올리지 도 않아요 그러니까 학습이 안되고 기억에 안 되는거죠 그래서 우울증 일때는 코치 줘 그리고 이런 도파민 같은 물질들의 영향으로 인해서 실제로 기억력이 떨어지고 집중력이 떨어진다 한다는걸 말씀 드렸구요 그러면은 여러가지 아 물들이 기억력의 어떤 영향을 미칠 수 있는지 얘기해 보려고 합니다 어져 시골 않을 뿐만 아니라 다른 많은 뭐 덱과 이비인후과 등에서 쓰이는 약물 일도 기억력에 영향을 미칠 수가 있어요 가장 흔한 것은 항콜린성 작용이 있는 약물 인데요 1 컬링 써 콜린 이란 물질이 우리 돼서 기억력과 직접적인 연관이 있기 때문입니다 치매 같은 경우 리콜 이란 물질이 부족해서 좀 나타나기도 하구요 4 금 항콜린성 약물은 어디 들어 있냐 가장 대표적인게 감기 하게 들어 있거든요 청 쿨이 썽 약을 먹으면 은 이제 전반적으로 우리 관해서 몰라 오는게 다 추가된다고 생각하면 되요 제 2의 파장 바르고 담긴 말이기도 하구요 그래서 단증 양 올해도 들어있구요 변비 끼우니 생기기도 하구요 근데 정신과 에서 예전에 주로 쓰이던 삼환계 항우울제의 이런 물질 들에는 좀 진정 작용을 위해서 한 콜링 썽 작용이 일부 포함되어 있습니다 우리 간게 먹으면 참 잘 온다고 하잖아요 항콜린성 약물이 얘기 협력하도록 일뿐만 아니라 약간 진정작용 졸리게 도 만들어서 더 기억력이 떨어진 것처럼 만들게 되구요 옛날 썽 정식의 약물들을 먹으면 기억력이 그래서 실제로 떨어지는 작용이 있었죠 그런데 최근에 사실 나온 정치 광물 들에는 항우울제 항불안제 나 항콜린성 작용이 뭐 있어도 좀 약하게 있는 경우 그리고 대부분은 없기 때문에 직접적인 기억력 저하는 사실 크게 연관이 없습니다 다만 새 그 너무 심한 불안이나 2 금에 대한 생각으로 쓰시는 분들 한테는 항정신병 약물을 같이 드리는 경우가 종종 있는데 이 항정신병 약물에 는 그런 또 진정 해야되는 상황이 사나요 그러다 보니까 항콜린 쌓은 사교 있는 약들이 있구요 그러다 보니까 좀 변비나 눈이 말라서 전 두 개로 보인다 고 하는 그런걸 호소하시는 분들이 계시죠 그리고 실제 국제협력처 가 약간 울 수기 4 이렇게 항콜린성 사경을 하는 항우울제 어떠한 정신병 약물이 기억력 저하와 관련이 되어있다 라고 말씀 드렸는데요 아 또 관련 있을 수 있는게 항구 라는 새 항경련제 가 작용하는 가 박 가 바라는 물질과 관련되서 기억력 저하 볼 수 있어요 이가와 라는 물질을 어떻게 좀 생각하시면 될까요 술 방 다오 줘 4 술을 좋아하시는 분이라 4 귀염 사위가 쓸 듯이 부와 기억력 짠 여러 번 겪을 쓸 텐데요 채 근데 네 그렇습니다 예 어떻게 빠른 그룹의 어 이걸 내시경 하시는것을 하시면 되요 왜 식염 바닥 오셨어요 탄 해야 되는데 그 기사들이 원래 그냥 아는거 만나세요 겁이 많잖아요 그렇죠 내몸에 이상하게 들어 있을까 봐 무서워서 하지 못하고 쓰 아마 저희 멤버 중 아무도 안 있을 것 같아요 po 에 평 거 같아요 6:10 인데 초연 좀 달라요 불안이 적으신 분은 데에 어쨌든 내시경 할 때 쓰는 이 제약이 수면 되셔야 할 때 예전에 프로그 법 이라는 약을 썼었는데 요즘은 및 알람이라는 쓰거든요 때에 및 아 졸라 미 1 2 1 재개 어리고 그렇다보니 가 바에 자중을 해요 이 가봐 때문에 표현하시오 하셔 이제 막 발도 안 된 소리 치료 사람은 그래 뭐 대단히 다 맛있어요 네 그런 얘기 하나 전혀 회원 못하는 모습을 보실 수가 있는데 이게 가바 때문이다 이렇게 생각을 하시면 됩니다 이 술처럼 1 프란 새 항경련제 도 가 바에 어떤 효과를 높여주는 그런 앱들이 에요 가 바가 올라가면 마음 편안해지고 좀 졸릴 수 있거든요 마치 술을 많이 마셨을 때 생각을 하시면 되는데요 어떻게 보면 이제 저희가 원하는 효과 기도하지만 되시는 분들 입장에서는 너무 졸리다 혹은 멍 해 지면서 기억력이 떨어지는 것 같다 * 마 전체 그렇게 느끼실 수 있습니다 이렇게 뭐 항콜린성 작용이 나가봐 에 직접 작용하는 정식 와 약들이 실제로 기억력을 좀 떨어뜨릴 수 있다 라고 하지만 많이 불안하거나 우울할 때 집중력 저하로 이런게 훨씬 더 크기 때문에 러 가능성이 있어도 약을 좀 쓰게 된 거거든요 그런데 칸 플레이 성 작용이나 가봐 a 아 작용이 아니어도 그냥 한국제 자체 부작용으로 머리가 약간 멍 해지는 걸 실제로 느끼시는 분들이 있습니다 그 경우에는 자신에게 만든 다른 약물을 찾는 과정이 필요하니까 자신에게 처방해준 주치의 선생님과 상의해 나가시면 은 적절히 대처 하실 수 있을 거라고 생각되구요 그렇게 두 명의 지금이 지원으로 저하 다 약 때문인지 병 때문에 색깔인 경우가 있거든요 저희가 이런 경우는 어떻게 하는지좀 보여드릴게요 선생님 저희 선생님이 준비한 먹고 더 바보가 됐어요 이렇게 제가 드신다 드시구요 4 일단 힘드실 것 같은데 굉장히 동료들이 좀 전에 한 말 교체 갔다왔고 그렇게 일 처리가 안되고 일어서 시절 회사에서 잘리게 생겼어요 좀 하루 중에 특히 좀 그렇게 집중 안되고 힘드신 태가 있어요 그거 뭐 하루 종일 그런것 같애 아루 종일 네 적임자 침략 드시고 점심 약 드시고 자기전 열듯이 차례의 아침 약 드시고 혹은 뭐 잠실 여태 식으로 많이 줄이지 않으세요 아침에 한번 보도 졸리게 나한테 뭐 정치인의 먹으라는 특히 어 그땐 너무 졸려 주어 병졸 게 돼 회사에서도 그것 때문에 이제 또 상상 들어온다고 말고 네 그러셨군요 아 네 그럼 이제 저녁 시간으로 가면서 는 무시 좀 집중력 같은게 말아주세요 그때 이제 전력 시간되면 은 좀 머리가 야끼 5 따지는게 느껴지고 좀 더 밝아지게 나는데 그럼 이제 또 막 두근두근 거리고 먹 드라 해주니까 그땐 또 그거 때문에 집중이 안 되는거 그런 내용 생각해보니까 그러면 이제 나트 시기 선 그 아이의 형으로 오시기전 이라고 지금이나 필요했던 건 어떠세요 조치 잘 모르겠어요 좀 좋아질 줄 알았는데 좀 풀어라 그는 분명히 좋아졌는데 모았고 바보 된거 그래서 제가 정신 양 빼 왔거든요 점심 뺐더니 조금 분명히 머리는 좀 맑아지는 것 같았어요 예 근데 여전히 줌 기억력이 떨어져 있더라구요 근데 사실 생각해보면 선생님의 한국 체험중 에 간다고 했는데 전달 먹어 단골 째 약효 남아 있을 거 아니에요 그럼 그거 때문에 기억력이 떨어집니다 그 말씀 잘 쓰시는거 나 못 좀 하셔서 3 좀 오래 가면 하 환자를 드리긴 했는데 하루 종일 가는건 사실이지만 보통 아침에 졸리고 점심때는 깨는데 대부분 것이거든요 4 그러면서 뭐 집중력 기억력 돌아오는데 4 증시 같은 경우에는 뭐 불을 약대 한해서 졸리고 집중 안 되는 부분이 있지만 그것보다는 우울증 때문에 4 증상 때문에 아직은 그러신 것 같아요 예 많이 힘드시겠지만 지금 1 깍듯이 낼 중에 됐잖아요 4 일단 꾸준히 드셔보시고 이게 정말 약 때문에 이제 전 상태는 지금도 보면서 4 조별 해보는게 좋겠습니다 얼마나 되겠 일단 일단 처음 신야 꾸준히 드셔도 보시면서 좀 보고 다음 주에는 좀 바 불면 말씀드릴 수 있을 것 같아요 4 지금 저희가 얘기한 것처럼 이제 항우울제 로 인한 것이니 항불안제 로 인한 것인지 아니면은 증상이라 것인지 다시 굉장히 감별하기 때매 하거든요 하지만 야 글이라 거는 약효가 분명히 존재하는 시간내서 덕 우정을 강하게 나오고 약효가 좀 줄어들 시간이 되면 은 그 부작용이 없어지는거 이런 걸 통해서 우리가 좀 감별할 수 있죠 그리고 저는 두 판의 관련해서 집중이 안 될 수 있다고 했잖아요 네 그래서 타는 흥미 서 재미 있는게 하나도 없고 집에 가면 누워만 있게 되고 이런 다른 증상들이 조금 더 여쭤보고 요 그런게 동반되어 있다면 이것은 존다 우울증 증상 때문이다 라고 설명한 편입니다 카울 째 이제 처방 초기에 대해 사실 약효는 충분히 나오지 않고 부작용만 경험 하신 경우가 많기 때문에 여러 가지 증상들이 더 안좋아 진다고 댓글 경우가 많아요 병우 계속 진행하고 있는데 아직 약효를 충분 하지 않으니까요 그 때 최소한 2주 정도 지나고 나면 약효가 나오기 시작하면서 이런 증상들이 없어지는 경우가 많으니까 초기에는 조금 불편하시더라도 잘 참여 달린 과정 또한 필요한 것이 사실입니다 저희가 이제 약과 기억력 저하의 대해서 말씀을 드렸고 항콜린성 작용이 있는 약이나 덕 아바의 설명하는 약이 긴 역자의 안 좋은 영향을 줄 수 있다 라고 말씀드렸는데 이 앞뜰에 주는 효과가 영구적으로 문제가 되는건 아닙니다 약을 되시는 동안의 좀 불편하실 수 있지만 약을 끝내면 얼마든지 원상태로 돌아올 수 있는 그런 가역적인 부분이구요 그런 만큼 너무 걱정 안 하셨으면 좋겠습니다 그럼 저의 오늘 13분 만에 알고 싶다 는 여기까지구요 저희가 앞으로 조금 더 유익하고 건강 콘텐츠로 찾아뵙도록 하겠습니다 감사합니다아 오늘 0 4 저렇게 최초 채 믿고 중 하셨다면 구독 4좋아요 r&d 쓰기 알려 채 저까지 냈고 부탁드립니다 감사합니다 모집 모집
https://www.youtube.com/watch?v=HW-xemmBzL0,HW-xemmBzL0,항우울제 끊으면 안 되나요?  Q&A 세 가지 질문과 답변 [정신과의사 - 뇌부자들],정신과의사 뇌부자들,하울 째 끝내면 i would 4 안녕하세요 대 부탁드립니다 뭐 경험했어요 사실 안녕하세요 배우자 드립니다 녕하세요 오늘 웹 분만에 알고 싶다 는 항우울제 끊으면 아떼 나 용입니다 오늘은 저희가 진료실에서 많이 듣는 질문들을 뽑아 봤구요 거기에 대한 답을 드린 형식으로 진행해 볼게요 이상 되실 보셨습니다 저는 이제 다 아는것 같은데 그럼 이제야 를 그만 먹어도 되지 않아요 4 이 질문에 대한 대답은 처음 우울증 이 얼마나 심 했었는지 그리고 이게 처음 발생한 우울증 인지 반복된 우울증 인지에 따라서 답이 달라질 것 같아요 a 탕 올제 치료에 최종목표 늘 우리 뇌 신경세포의 유전적인 변화까지 일으킨 거거든요 이런데 보통 6개월 산 1년 정도가 걸린다고 하구요 그래서 저는 이제 처음 우울증이 좀 경 했던 분들의 경우에는 호정 후에 6개월 그리고 심했던 분들의 경우엔 1년을 채워서 약물복용 하시기를 꼭 말씀을 드립니다 그리고 만약 이제 우울증 에피소드 가 처음 발생한 게 아니라 반복된 경우에는 사실 가능하면 약을 끊지 않는 것을 말씀드리고 내요 물론 그게 쉽지 않지만 왜냐하면 반복 우울증의 경우에는 재발률이 더 올라가게 되는데요 처음 우울증이 발생한 경우에는 제 암울 치료 중단 하고 나서 1년 동안 제발 유리한 33% 정도 된다고 해요 사실 꽤 높죠 그런데 반복성 우울증의 경우에는 1년 내 제발 요리 또 50% 라고 하거든요 그렇기 때문에 가능하면 사실 약을 끊지 않은 게 좋습니다 두번째를 자 약을 먹어도 별로 좋아지는 것 같지 않아서 뭐하러 약을 먹나 하는 생각도 들고 그래서 먹고 싶지 않습니다 4 어 이런 질문도 굉장히 재료 실은 많이 내는 되요 이런 경우에는 이런 약물 항우울제 를 충분한 용량 형과 기간 사용했는지 를 따 봐야 되요 항우울제를 먹으면 바로 낳기 분이 좋아지고 의혹의 생기고 막 부정적인 생각에 줄어들고 이런 게 아니라 충분한 역량을 충분한 기간 동안 복용했을 때 보통 이 해서 사주 뭐 길게는 8주 정도 까지 퍼서 이렇게 했을 때 너 효과를 볼 수 있거든요 그리고 이제 한가지 하늘재 레 사용을 했는데 이렇게 사용을 했는데 잘 듣지 않는다 라고 갔을 때는 다른 아무 쩔어 없거나 내려오고 다른걸로 교체 했을 때 충분 효과를 보실 수 있는 거거든요 또 항우울제는 종류가 여러가지가 있어요 쎄 쎄 쎄 쎄 쎄 쎄 쎄 쎄 sln dri 4 오던 교수님께서 설명할 수 있었죠 4 지용이 합니다 그 영상을 보셔서 알겠지만 이게 각각 건드리는 물질들이 다릅니다 그래서 다른 효과들을 볼수도 있구요 이야기 안 들으면 그래서 다른 약에도 역할을 분명히 볼 수 있는 거죠 물론 치료 저항선 우울증 이라고 해서 두 가지 세상에 항우울제를 충분한 기간 중 동엽령 사용했는데 효과를 보지 못하는 경우가 전체 울 중의 한 30% 정도 됩니다 빨대 4 꽤 많긴 한데 이런 경우에도 끗이 는게 아니라 뭐 2시 t 라든지 뭐 tcs 같은 다른 치료를 같이 한다거나 혹은 상담 뭐 인지행동치료 같은 다른 기법 을 동반 했을 때 분명히 좋아질 수 있는 거거든요 그러니까 낫지 않는 것 같다 해서 바로 약을 준다는 건 옳지 않습니다 네 근데 이제 분명 양을 치울 하면은 약물 뭐 부작용이 있기도 하고 병원을 꾸준히 다니는게 다른 사람들 눈치가 보이기도 하고 그래서 좀 불안하고 불편하기도 하잖아요 그렇죠 네 그런지 좀 힘든 10 리드를 자극해 가지고 약물 치료를 중단하게 만드는 사람들이 좀 있어요 약에 의존하면 안된다 근본적으로 뭐 너의 마음을 바꿔야지 왜 너의 뭐 그래 뭐 쪽으로 더해 신체 불균형을 다시다 사로잡아야 지 좋아진다 라는 말을 하면서 치료를 중단하게 만드는 사람들이 있는데 아 솔직히 좀 화날 때가 많습니다 4 사실 진짜 근본적인 치료를 하거나 아까 말씀드린 것처럼 외에 잘못된 그런 세로토닌 시스템을 고쳐준 게 근본적인 치료라고 볼 수 있거든요 좋아하고 있었는데 그런 얘기 듣고 약간 않고 오히려 증상 악화 돼서 이전 약을 썼는데 서 조절이 안되고 입원하게 되는 경우들도 종종 행성에 꽤 많습니다 그래서 우울증 저희가 전해 드리겠다 시피 바이오 싸이코 쏘 시오 모델이라고 해요 이렇게 생물학적인 부분이 크게 차지하는 사람들도 있구요 어떤 사람들은 환경적인 부분이 크게 찾을 해서 사실 환경만 바뀌어도 그냥 주어지는 경우가 있고 어떤 사람은 실리적인 부분이 워낙 한 부분을 차지해서 약물 보다 상담 유지해야 되는 사람도 있고 또 어떤 사람은 생물학적인 부분이 너무 크게 차지해서 아무 스트레스 없이 잘 살고 있었는데 갑자기 그냥 우울증이 심하게 찾아오는 경우도 있어요 근데 왜 행성을 쓴 해 그래서 내가 꼭 어때 따라 고 해서 너도 그렇다 라고 얘기하는 것은 상당히 큰 오산 이고요 저희같은 에 5도 모든 사람에 대해 약물을 처방하는 게 아니라 생물학적인 부분이 분명히 있구나 라고 생각되는 분 에게 약물을 처방하게 됩니다 그리고 아까도 말씀드렸다시피 안타깝지만 사실 약물의 찰 반응 안하시는 분들도 꽤 이 계세요 그런 경우에도 사실 나는 하나도 안 주어졌다 라고 얘기하는데 그 분의 가족들이나 아니면 주변 친구들 에 평가를 들어보면 그리고 제가 또 보면 분명히 좋아진 부분들이 있거든요 1 100점 만큼 힘들 넘게 1 50점 에서 7시 점 이렇게 줄어든 경우 인 경우가 사실 대다수 인데 그러면 나는 있게 50점 에서 70점 이나 남았으니까 하나도 안 좋아진 거야 이게 아니라 분명히 삶의 퀄리티가 좋아진 부분이 있기 때문에 더 좋아질 것을 기대하면서 치료를 포기 하지 않으셨으면 합니다 세번째 를 냅니다 락의 며칠 안 먹어봤는데 머리가 찌찌를 타고 몸도 감기 걸린 것처럼 거 없고 어지러워서 너무 힘들었어요 이 미약에 중독된 것 같아서 더 먹기가 부서의 어 이런 경우에는 약을 드시면서 이제 정상이 조절되고 있었는데 약이 빠지면서 원래 있던 전 상에 올라오는 경험 지 호건이 3 약이 갑자기 의 동도 가 줄어들면서 나타난 금단증상 엔진으로 일단 구별을 하셔야 돼요 근데 앞서 말씀드린 첫번째 경우 증상이 다시 나타나는 거에요 그러면은 어 그럼 이거 약 평생 먹어야 되는거 아냐 하면서 걱정을 하시는분들이 계신데 절대 그렇지 않습니다 예를 들어 다리가 부러져서 이제 캐스트 라고 목발을 지퍼 요 그럼 왜 만큼 걸어다닐 말하잖아요 괜찮은거 같아서 갑자기 제목 팔을 버리고 뭐 퀘스트를 다 풉니다 그럼 다시 아팔 때 이게 뭐 목발 해서 이제 증상을 조절 된다고 해서 이 목발을 평생 해야 해서 절대 아니잖아요 4 약도가 창가 지거든요 절대 중독 되거나 평생 드셔야 되는건 아니죠 다만 그냥 그 증상을 조절 해야 되나 즉 상황이다 그렇게 이해하시면 좋겠구요 그리고 제 아까 두번째 상황인 금단증상 그 약물 농도가 일정 유지 되다가 갑자기 농도가 줄어들면서 금단증상이 나타날 수 있어요 이것 키 이제 셀러 토닝 이라는 물질을 줄어들면서 생겼을 때 세로토닌이 금단 증후군 이라고 저희가 말씀을 드리는데 4 마치 풀러 라이크 식탐이 라고 해서 감기에 걸린 것처럼 네모 안이 되고 네 머리 몸이 와 찌릿찌릿한 고 2 토 막 짜증나고 뭐 이런 여러가지 증상들이 나타날 수가 있습니다 어지러운 보트에 굉장히 대표적인 것들이죠 그렇긴 하지만 이것도 말씀드렸을 때 금단증상 해요 일시적으로 농도가 줄어들었기 때문에 생긴 증상인지 다시 약을 드시면 이런 증상들은 싹 초아 줄 수 있습니다 어 이거는 말그대로 정말 갑자기 약물 농도가 줄어서 나타나는 신체 반응일 뿐 이즈의 뭐 우리가 흔히 생각하는 마약이나 알코올 처럼 중독되어 서 나타나는 건 절대 아니거든요 나중에 치료가 끝나갈 때 약물 온도를 서서히 줄여 가면서 치료를 끔 마치면 은 아무 문제가 생기지 않기 때문에 걱정하지 않으셨으면 좋겠습니다 앞으로 이 외에도 항우울제 에 대해서 궁금한게 있으신 경우에는 편하게 댓글을 달아 주시구요 무엇보다도 각 개인별로 상태라 그 치료 상황이 모두 다 다르니 만큼 얻어 치료를 어떻게 시작해야 될지 7 어떻게 끝내야 될 지 궁금하신 점은 자신의 주치의 선생님과 꼭 상위에서 결정 하셨으면 좋겠습니다 오늘 양사 저희 자주 차례 끄윽 하셨다면 구독 4좋아요 r&d 쓰기 관련 3 저까지 냈고 부탁드립니다 감사합니다 모집 모집
https://www.youtube.com/watch?v=lj-UdIYpmNw,lj-UdIYpmNw,정신과 치료 받으면서 술 마셔도 되나요? [정신과의사 - 뇌부자들],정신과의사 뇌부자들,4 1년새 추천 했기에 라고 한 것입니다 예 그런 분리 자진 지도 여러분들 창구가 있는데 좀 네 안녕하세요 대구 자들입니다 아 네 어 어 5배 방송에서는 저희가 치료실에서 흔한게 g10 치 분들에 대해서 답변해 드리는 형태로 진행해 보려고 한 해 봐 오늘 저희가 준비한 주제는 공시가 치료 받으면서 술 마셔도 되나요 이 이야기를 다루기 위해서 과거 아이콜 정도 넣어서 금화 속담 전문가 웰 이어서 세부 보셨습니다 아 제가 그 발굴 가문 병 합니다 근무한 지가 벌써 4년 정도가 텐데 어 어깨 벤 10 정말 해야 대한 일 년 정도 물을 했거든요 그래서 대략 그저 내 된 원래 좀 를 좋아하고 막는게 언뜻 마시고 그런것도 많은데 이상하게 그 병원에서 영혼을 하면서 이렇게 위험하고 이런 걸 느꼈는지 점점 점포 그 많은 것들 좀 밤 내게 걸 잘 안 맛있고 횟수도 많이 줄어 그려 될까요 괴력을 생 회전의 100개를 하고 안 드셨어요 음 가 분리 라든지 뭐 여러분들 참 들어가 있는데 네 친구들이 이렇게 얘기하더라 고 재미 없어졌다 으 음 아 리랑 간 다음 근데 정말 자연스럽게 그렇게 도매 되버렸어요 음 우리 위험 확 마이너 근무 경험이 중요 해 주셨다는 이야기 4 그래서 5 동성애 김 또 2 때문에 좀 많이 마시고 조절해 가운데서 힘들 때가 있다고 하셨는데 너무 힘들 간의 들어갈 걸 증명했다 1 4 정도 건물의 태어난 생기는 추천드립니다 요즘 약간 긴장 하기로 했어요 1 년 전과 내일이란 정도 있어요 이번 치료를 하는 애들 저질 것 알고 말씀하시는 줄 알았는데 다행히 최근에는 저도 잘 조절되는 판이라 마음만 받겠습니다 어쨌든 이 질문 제가 굉장히 많이 뜨자 그냥 재미를 섬 아 태 양 보면서 출 먹어도 되느냐 는 뭐 없을 모으면 뭐 어떤 영향을 줄여야 지금 하니까 에 대해서 의미에 대해서 좀 답변 드려 볼까요 그러면 내민 질문을 두 가지로 나서 툴이 정신적인 면에 미치는 영향과 약 꽤 먹었을 때 스윙이 찌든 영양 두가지를 좀 나눠서 이야기를 해볼게요 첫째로 낸 술 자체가 정신적인 부분에 어떤 영향을 미치는지 이야기 해 볼텐데요 섬머 공부 냉은 술 마시면 어떤 때 녹음기 비냐 뭐 정순영 일어나는 일들 든지 들 마시면 막강한 했는데 좀 긴장이 많이 풀어지게 되는 관계로 1 나는 그리고 기분이 조금 챙 관을 치면서 뭐가 ru 평소보다 많이 하게 되고 당치 뜨는것 제일 큰건 어쨌든 좀 갱맘 부탄 해지고 그 곽가 저같은 경우는 이제 긴장하면 제손에 떨게 되는 경우가 있는데 이럴 때 실수를 얻게 되는 손절을 같은거 곡 모음 일단 기본적으로 한들 긴장이 완화된 거야 라든지 여러분들이 있을 수 있는데 또 술을 과하게 마시게 된 으 감정 컨트롤이 되지 않아 더 화를 내고 싸운다 든지 제 보내는 방금전에 녹화 하려고 가라 해도 좀 앉아요 왜 기회가 어떤 쉽게 국내에서 굉장 훌루 제 7화 내 내쉬면서 공작 늘리고 와서 좀 노력하고 대내외 요렇게 감정적 잊겠지 않고 아니 원액을 화내고 뿐만 아니라 굉장히 심하게 울고 울어 다 그렇죠 그리고 과거 대려 하자 이러한 것들이 있었기 때문에 정말 다양하게 일어과 들이 스윙 정신적인 부분에 문제냐고 되며 흐른 기본적으로는 중추신경 억제 역할을 한다 라고 이야기를 합니다 그래서 알콜이 몸에 내고 대로 전달되면서 그 오노의 점점 올라가게 따라서 여러가지 2탄 상들이 원하세요 그중에서도 고 1 갱들이 억제가 되서 하고 기행 이라는 집 한다네요 자 세력이 약한 했는데 그걸 조금만 맛이 너무 에 달하는 게 좀 말도 많아지고 경쟁 것처럼 골고 기분이 팔짝 좋아지는 듯하여 효과를 보이지만 기분이 좋아지려고 쓸어 하신다는 분들이 사실 어느 정도의 응 6가지 라는게 가능하겠지만 쪼다 말씀드린대로 굉장히 많이 마시게 되고 4 언어 작나요 개헌을 사는것 있다고 없고 감정 조절 장애 가려는 더 쉽게 화를 내거나 슬퍼지고 무공 이렇게 까지 진행이 될 수가 있습니다 그니까 중추신경 억제 기능을 한다고 할까 실 마시고 잠 드는거 이런 모습들을 상상하게 하시는데 그건 이상으로 뇌가 통제가 부턴 평당 하고 있던 여러 가지 보위 정신 기능들의 문제가 생기게 되는 거죠 통제력 이라든지 하루만 판단력 이라든지 이런 부분들을 파악을 하게 되는 거구요 이런 부분이 억제 되니까 뭐가 멀쩡한 상태에서는 잘 하지 않았던 일을 하게 되고 감정조절 자판 시 못해서 화를 내게 되고 저희 각서 말씀들이 쥐게 끈 모습들을 보이게 되는 거죠 이런 변화가 일반 분들한테도 일어날 수 있는데 이제 정신과적 으로 치료를 받고 있는 분들은 아무래도 경정 조절을 하여 분들이 좀 더 취약 하시잖아요 특히나 뭐 올 증인 아 조울증 처럼 기분에 변화를 주고 쓰 올라가는 그런 경험을 하고 계신 분들 중에서는 제 나름대로 열심히 치료도 잘 받고 홈페 노력을 해서 기본을 잘 통제를 하고 있었는데 이 술이 어떤 억제력을 약화 쉽게 되면서 다시 이제 감정 조절을 힘들게 만들고 그것 때문에 굉장히 돌발적인 위험한 공격적인 행동들을 하게 되는 경우를 가끔 볼 수 있습니다 tj 고희정 알고 계신 분들 중에서 저희가 면담 실에서 자주 짓는게 딱 수를 진 상태에서 그저 까지 잘 지내나 다 작스럽게 차이를 안다 던진 자살시도를 한다든가 하자 이런 일단 얘기를 듣게 된 그래서 이런 예절이 자꾸만 방법이 될 그러면 그럴 과하게 마신 다음에 자유를 하든지 에 운동이 자꾸만 올라온 단지 오는 그 정도까진 아니더라도 감정적으로 굉장히 오해 지거나 확산하고 난 욕이 보기 커진다면 그런 분들 같은 경우는 치료가 완전 좀 어느정도 별이 될 때까지는 2 격적인 멀리 하시는것을 관리를 드리구요 게다가 만성적으로 음주를 하는 것 그 자체만으로도 사실은 외 수에 영향을 저어 그것만으로도 뒤 부분을 굉장히 우울하게 만들 거에요 때라고 해요 그렇기 때문에 득해야 문장을 쓰면 더 술도 계속 쓰시는 분들은 흐를 가격적인 면은 6 중단 하셔야 된다 이렇게만 쓰면 됨 그리고 요렇게 술을 마시는 이유 중에 가장 하는거 재미 바로 잠을 못 자서 어느 술을 마시면 잠을 잘수 있어서 후를 맛있다 라고 하시는 분들이 회개와 쪽은 0 이걸 역시나 하실 추천 드릴 방법이 아닙니다 앞서 말씀드린것처럼 이후를 자체가 중추신경 억제 효과가 있기 때문에 마신 그 순간에는 장의 오헤어 다음에 밴드 있는데 일반적으로 후 현장을 치료하기 위해서 처방한 약 대며 같은 경우에는 짧게 한 해 내내 시간에 그 뒤 몇 한 10시간 석원 시간적으로 쭉 지 독이 된다 가 후면 자체도 그만 지옥이 될 수 있는 새 술을 마셨을 때는 술에 2 흥 나갈 거 넘 돌아 굉장히 금방 들어오기 시작해요 그만큼 오메가 작용한 꽃과 자체 올해 주문 되지 않아서 중간에 금방 깨게 된 옆에 있구요 그 외에도 소유주를 마셨을 때 깊은 자기 되지 못하고 분야 된장도 해줘야 될까 져 뭐 이런 정부는 이를 마시면 구조를 원화를 시키는 거죠 약천 작은 비율을 높여서 어 잠을 즐기게 하는 것은 그나마 쉬운데 이게 잘 유지될 수가 없게 만드는 거죠 여러 작은 소리만 들어도 금방 꽥 이런거 다 해보셨을 겁니다 그렇기 때문에 잠을 못 자 기 때문에 술을 마신다 라는 분들에게는 웬만하면 그 방법은 하제 이는 관양 그리고 불안장애 같은 경우에 또 술이 타고 도움이 되지 않는데요 앞서 제가 술을 마셨을 때 r 씀 드리면서 긴장도 풀리고 평소에 있다손 더 램도 업 추고 이런 얘기를 드리게 되었고 또 이제 술을 드셔 본 분들이라면 아시겠지만 평상시엔 왜 이렇게 말이 잘 나오지 않던 분들도 술을 마셔야 이렇게 술술 하게 려고 있잖아요 그러다 보니까 이 술이 불안해 도움이 되지 않을까 이렇게 생각을 하 쉽게 어 쉬운데 그렇지 않습니다 쓸 마친 그 순간에는 아까 말씀드린대로 즉 중추신경 억제제로 #5 원하기 때문에 불안해 리시 적으로 경험을 시켜줄 수 있을텐데요 문제는 이제 알고 레벨 중부 떨어지고 나 다음 겠죠 이 혈중농도가 하고 오래 지속이 되지 못하기 때문에 상생하는 도움이 되지 않는건 물론 일까요 이 쓸개는 다 바치고 나면 은 굉장 증상이 라는게 생기게 되는데 콘트리트 표적으로 브라운 약초 조가 몸의 떨림 지금 답 이런 증상들을 경관을 하게 됩니다 이 자체가 불안을 올리기도 하구요 또 이러한 증상들이 나타나게 되며 는 이 신체 증상의 반응해서 더욱 불안이 증폭되는 것과 생기도 헤어 특히 이제 공황장애를 알고 계신 분들의 경우에 뭔가 가슴이 두근거리거나 2매 수 없다거나 이런 신체 감각에 있으면 밥도 못 한걸 저 올해가 없다 얘가 또 힘들어 식 나아가는 생각이 들고 게 이제 불안으로 이어져서 실제로 발짝 가지 되는 경우가 많거든요 말하자면 제 신체 증상을 잘 못해 속해 가지고 8점 일어나게 된다 근데 이 굉장 증상으로 나타나는 실제 감각들이 그렇게 좀 공항 전에 나타나는 많길래 잘못 해석을 하게 되는 그런 시체가 못들고 굉장히 닮아 있습니다 그러니까 이런 것들 때문에 술 마신 다음날 특히 바라만 다음날에 엄마 짱 생겨서 너무 힘들어 없다고 말씀하시는 건 살 분들을 만났어요 이런 것들을 보면 은 확실히 남자의 계통에 도움이 되지 않는다는 걸 알 수가 있죠 이런 이유들로 어떤 전국관객 문제를 있어서 치료를 받고 계신데 이 를 마시면 생사의 그걸 마셔야 돼요 오셨을 때 가급적이면 술을 안 드시는게 좋겠다라고 보통 그럼 드립니다 물론 뭐 4일 마르면서 어쩔 또 주목해 시기 라든지 친구들과의 모임이 라든지 이러면서 음주를 하는게 올해도 좀 그런 기회들이 말했다 그럴까 를 완전히 끊을 수는 없을 수 있었고 하지만 이런 증상 자체가 굉장히 심한 분들 같아요 왜 또 뭐 어떤걸 조절이 될 때까지는 확실하게 끊어지는 게 좋고 그리고 설령 마치더라도 는 정도를 조절해 더 호 금으로 금연 내로 나지 않아야 된다 이렇게 말했습니다 룩도 한가지로 반대 요론 어쩔 수 없이 마치게 될 상황들 같은 경우에 그렇게 술을 마셨을 때 약은 어떻게 해야되요 이런 질문 나오 마쳐요 마음에 여기에 대해서는 어떻게 말씀드려야 할까요 말씀 하신 지금은 정말 맛 좀 전혀 심지어 허 청소년들을 7 * 하는데도 일주일 분들을 하시는 분들이 계세요 부모님들이 뭐 첩으로 보시 기도하고 사실 이제 개개인의 어떤 성적인 또 신체적 의 상태가 전부 다르기 때문에 일반적인 얘기를 을 드리는건 크게 의미가 없을 거란 생각이 들어요 근데 극명하게 말씀드릴 수 있는 것은 어휘력 분이 신경안정제 라고 부르는 엔저 되어서 표현해야 하므로 있잖아요 4 대표적으로 앞이 만차 쓰 뭐 이런 약들이 보트를 이런것들을 포함 을 하는데 이 약들의 경우에는 출가 함께 복용했을 때의 버릇 위치가 못하다 이거는 좀 분명하게 말씀드릴 수가 있을 것 같아요 이 벤조디아제핀계 열에 아내들은 박가네 내성이 나 온 정성을 가지고 있긴 하지만 적절한 용량으로 사용했을때는 불안감을 감소시켜 주기도 하고 수면 일도 역할을 하기도 하고 질적으로 도움이 되는 갱들 많은 가지고 있는데 술과 함께 복용을 하게 되면은 사실은 이제 비슷한 수용 제일 작용을 하게 되죠 그래서 서로 길 국가를 과학의 증폭시키는 강했어요 그래서 o 약간 불안을 감소시키는 넓고 했는데 과학의 다운은 된다든지 너무 참을 심심하게 취해있는 상태가 된다든지 이런 상황들이 벌어질 수 다 있구요 그리고 교차 내성 일하는 데 있어서 사실은 약을 쓰기 아니 그렇게 충분히 오래 되지도 않았고 응하게 마치도 않았는데 내성이 생겨 버리는 거죠 그래서 같은 약물로는 조절 일전에 흐려져 효과를 누릴 수 없기 때문에 계속해서 약을 증명해야 되는 그런 상황이 생길 수도 있습니다 그래서 이 술과 된 조지 어설피 해양 걸 함께 노동을 하게 되면은 점점 효과는 떨어지고 그래서 금 해야 되느냐고 늘어나게 되는 결과가 생긴다 있어 꼭 같이 복용 하는 것은 피아 시 라고 말씀을 다시 한번 드립니다 그리고 또는 라지 이수를 을 완 정적 으로 많이 마시게 되면 은 여러 신체적 있는 장비들을 은상 을 읽을 수가 있어요 그렇죠 대표적으로 오는 식도염 이라든지 위하고 12장 0 으 될 꽃 기관의 오예 글자만 쪽엔 차 피자와 함께 야외 해요 명칭 이러다 되는데 그 증상들이 먹구 역들이 라든지 보통 이라든지 쏘아 2년 분명 옷들을 공항 하거든요 근데 요 자체가 또 항우울제 라는 질 어 까지 아모레 1 난 그저 것은 굉장히 유사 하거든요 그래서 그런 부작용이 조금만 눈썹 분들이 또 툴을 같이 많이 마시게 되고 웬 그럼 그럼 여기 굉장히 크게 느껴졌고 보통 들어줘야 해 먹기로 어려워 그런 일들이 갈 수 있으니까 주의 하셔야 된다는 말씀 드리고 있구요 또 한가지는 술은 만성적으로 왔고 에 가내 굉장히 큰 끝나버리고 2번에 걸쳐 그런데 보통 저희 거처하는 대부분의 연구들이 몸에 흡수될 되도 없고 배출이 될 때도 그렇고 간을 통과할 가게 됩니다 앞에서 간을 풍부할 해석의 주일 되기 때문에 관해 간기능이 쫌 많이 떨어지는 사태 먹이를 때문에 지만 이 제안은 간 경화 라든지 이런 것까지 배점이 되게 되면 몸에서 이런 약물들의 배출이 원활하게 되지 않게 됐고 정도가 점점 올라가게 된 이런 현상이 문제 일반적인 처방이 병변의 대하는 게 이런 쌤 인력을 숫자 교동 여기 과한 농도가 되겠죠 이런 것 같습니다 예 그렇기 때문에 누런 항우울제 나 작다는 정책과 에서 처방하는 요소를 오랫동안 복용 하시는 분들부터 수를 만 협력으로 되시는 분들 그로 인해서 간에 어떤 질환이 있는 분들 같은 경우에는 술을 뭐 끊어야 두 눈에 후를 굉장히 줄을 이렇게 하면 드립니다 4 오늘은 정신과 치료를 받을 때 술 마셔도 되나요 라는 주제로 저희가 다음 드리는 그런 시간을 가져봤습니다 아마 이것 말고도 소뼈 치료 또 정식과 좋아하는 대해서 궁금하신 7 분들이 많이 있으실 텐데요 4 그런 것들은 유튜브 영상 댓글이나 또 저희의 매일 예정으로 될 주셔서 알려주시면 은 과거에 대해서 충실할 때 방석을 준비해서 알려드리는 시간을 갖도록 하겠습니다 고사 합니다 변경합니다 라 오늘 영사 좋은 차주 재밌고 유익 하셨다면 고도 4 좋아할 뵙기 색이 빨리 설정까지 냈고 부탁드립니다 감사합니다 모집 모집
https://www.youtube.com/watch?v=PBH36Q6Dpp0,PBH36Q6Dpp0,3분만에 알고싶다- 내가 정신과에서 처방받은 약이 마약이라고요? [뇌부자들],정신과의사 뇌부자들,그리고 이런 양 볼을 다루는 게 저희 정신건강의학과 의사들 아니니까 그렇죠 예 보십시오 요즘들어서 보도된 타 권 사고 중에서 마약 또는 향정 팀 성 약품을 불법적으로 투약하고 성 범죄를 저질렀다 이런 뉴스 라든지 유명인이 상습적으로 프로포폴을 같은 향정신성 의약품을 불법으로 투 약했다 이런 의혹이 이슈가 되기도 했었는데요 4 마약 불법 형식적 이런 키워드 들과의 묶여서 향정신성의약품 이같이 보도가 되다 보니까 많은 분들이 향정신성 의약품 은 위험하다 복용하면 안 된다 이런 생각을 하실 수가 있을 것 같아요 근데 저희 정신과 에서 처방받은 약물들을 찾아보니까 향정신성 약품 의 역할 떡하니 나오다 보니까 이렇게 위험한 약을 처방해 주시다니 걸 되어 복용해도 되나 어떡하지 이병헌 믿어도 되나 이런 이야기들을 하시는 경우가 있어요 요즘 들어서 그런 걱정 송을 많이 하시죠 향정신성의약품 이라는 건 사람의 중추신경계에 작용하는 거긴 해요 그래서 이거를 운영하거나 남용하는 경우에는 인체에 심각한 위해가 있다고 인정되는 물질입니다 여기서 핵실험 한동희 그 얘기야 뭐요 4 요나 명 인데요 4 5 0 이라는건 실제 치료 목적으로 투약하는 건 봤는데 이걸 복용하실 때 임의대로 막 드시는 거에요 그리고 남용 이라는건 실제 치료 목적으로 사용하는게 아니라 인위적으로 감정이나 생각 행동의 변화를 주고자 불필요한 데도 복용하는 걸 말합니다 4 예를 들어서 그래서 뭐 이리 난 공부를 할 때 집중을 굉장히 못하시는 분 중에서 뭐 adhd 로 진단 을 받아서 그래서 치료 약으로 처방을 받았지만 필요할 때만 먹고 어떤 날은 안먹고 저희 맘대로 왓다갓다 용량을 조절하면서 복용을 하는 경우 이거를 오용 이라고 볼 수 있는 그 다음에 단순히 실제로는 병은 아닌데 그냥 집중력을 끌어올리기 위해서 어디선가 약을 구하거나 아니면 병이 아닌데 병이라고 우 이어서 처방을 받아서 복용을 하는 용 이걸 남용 이라고 부를 수가 있겠습니다 어 의료용으로 사용되는 향정신성의약품 그리고 마약은 엄격하게 분류가 되어 있구요 향정신성의약품 같은 경우에도 오용 하거나 남용하는 경우에는 어떠한 의존성 이 심각하게 발생할 수 있으니까 조심 하시는게 좋습니다 어 그렇게 하지만 치료목적으로 그리고 처방 받으신 약을 규칙적으로 잘 복용하실 때는 그렇게 의존성 까 중독에 대한 걱정을 크게 안하셔도 되거든요 그리고 이런 약물을 다루는게 저희 정신건강에 약가 기사들 아니니까 그렇죠 그러니까 너무 걱정 안하셔도 저희를 믿고 양말 복용 하셔도 괜찮습니다 그리고 꼭 필요한 경우라면 정확히 복용 하시는 게 더 중요하죠 꼭 기억하셔서 쓰면 좋겠습니다 sohh5
https://www.youtube.com/watch?v=tHXa-g_BmWI,tHXa-g_BmWI,"3분만에 알고싶다 - 리얼 '마약' vs 향정신성약물, 뭐가 다른가요? [뇌부자들]",정신과의사 뇌부자들,으 [음악] 아 아 아 아 아 술 좀 네 요즘 여러가지 사건 사고 보도에서 마약에 대한 이야기들이 굉장히 많이 나오고 있어요 그리고 향정신성 의약품에 대한 이야기 도 많이 나오고 있는데 그래서 여러분들이 마약은 무언가 형성 시 성의 부문도 에 첫 뽕 과 굉장히 위험한 거 아닌가 관심이 많으시고 거든요 그래서 저희가 지난번 방송에서도 향정신성의약품 에 대해서 언급을 하긴 했지만 보다 자세하게 마약과 행정 스러운 의약품이 어떻게 다른지 이야기를 드리려고 합니다 어 그러자면 먼저 마약 류의 대해서 말씀을 드려야 될 것 같아요 마약류 는 큰 분류 구요 그 아내는 마약 그리고 대마 향정신성의약품 2 제 소분류 로 들어가 있습니다 그중에서도 마약은 두가지로 나뉘는데요 아편 그리고 아편 개의 앞머리 라고 해서 불법적인 약물도 있고 여기에는 실제로 의학적으로 사용되는 진통제도 있는데 왜 볼 수 인 같은 그런 분류 가야 돼 있는 약 한가지 종류랑 그리고 코카 계열이라고 해서 코카 나무 잎에 더 부터 추출된 성분 또는 그와 유사한 화학 물질로 되어 있는건데 이것들은 대부분 불법적인 약물이 라고 보시면 됩니다 4 가평 계양 모른 진정작용 있거든요 사랑을 노곤노곤 하게 하고 기분에 좋게 만들어주는 그런 효과가 있구요 코카인 개헌 약물은 각성 효과가 있어요 그래서 사람 기분을 막 들뜨게 하고 평 분하게 하고 쾌락을 느끼게 하는 그런 효과가 있습니다 그 다음으로 분류가 있는 대마 같은 경우엔 신체적인 의존은 비교적 적다 라고 이야기를 해요 그리고 특정 국가에서는 치료적인 목적 또는 치료적인 목적이 아니더라도 합법적 으로 유통되고 사용되는 나라도 있어서 이것은 약간 따로 분류가 되어 있기도 합니다 마지막으로 향정신성의약품 에는 많이들 알고계시는 신경안정제 항불안제 있잖아요 불안을 낮춰주는 벤조디아제핀계 약물이 포함이 되어 있구요 그리고 수면제 또 향정신성의약품 2 그리고 adhd 에서 집중력을 높이는 데 사용되는 정신 자극제 도 여기에 포함이 되어 있죠 저희가 말씀드린 이런 마약류 약 중에서 치료적인 목적으로 정확히 사용되는 약물들 같은 경우에는 비교적 안전하게 사용할 수 있지만 마약으로 분류된 것들 또는 불법적으로 사용되는 향정신성 의약품 같은 경우에는 정말로 불법적으로 사용했을 경우 치료 목적이 아닌 경우로 사용했을 경우 굉장히 몸과 마음을 망가뜨리고 인생 자체를 파멸로 이끌어 갈 수도 있으니까 절대로 하셔서 는 안됩니다 네이버 얼굴 말씀드린 약들이 사실 다 내성 금단 같은 의존성이 있는 약들이 좀 그렇기는 하지만 향정신성의약품 자체는 저희가 정말 많이 사용하는 약 이거든요 정신건강의학과 의사들은 이 약을 쓰는데 굉장히 전문가 이기 때문에 치료 목적으로 적당한 약을 사용 하셨을 때는 회 의존성에 대해서 크게 걱정하실 필요가 없구요 그랬나 것도 순차적으로 천천히 감량 하다 보면 그렇게 어렵지 않습니다 이런 약품 들이 뭐 의존성 이나 이런데서 어떤 차이가 있는지에 대해서 더 자세한 설명은 저희가 팟캐스트에서 했기 때문에 그걸 들으시면 은 좀더 이해하시는데 도움이 되실 수 있을 것 같습니다 뭐 좀
https://www.youtube.com/watch?v=NN7yN0-EFU0,NN7yN0-EFU0,정신과 의사들도 정신과 약 먹나요? 먹어 보고 주는 건가요!?😱,정신과의사 뇌부자들,제약회사의 사주를 받아서 그게 얼마나 독한 약 인지 알고 있는 정신과 의사들은 손도 되지 않으면서 먹이기 말한다 안녕하세요 매우 자들입니다 안녕하세요 오늘은 반 방 형상을 한 해 볼 거에요 어떤 방방 영상은 야 야 관련 영상들을 보면 그쵸 na 1 먹어본 적 있냐 해외로 부작용 모르면서 교과 사람을 알고 이러는 거 아니야 야지 네 가족이 면 혹은 너라면 이야 먹을 수 있겠냐 이러한 리플들 있습니다 이러니 풀 때 보인 적 있으시죠 예 아까 감청 r 왜 뭐 어느 해 어느 저도 모르게 진심이 들어가 버렸네요 저도 우케 가지고 댓글 않았었어요 4 5 첫화 속이라도 필요하는 당연히 모입니다 어조는 화가 마이너 더라구요 그저 하는 저도 화가 많이 나서 보게 되는 방향을 지어 봐야겠다 해서 오늘 준비해 봤구요 예 걸 더 약에 대해서 너무 오해 거부가 가지고 계시는 분들이 많습니다 당 정말로 정신과 약을 먹는 정신과 의사 혹은 가족들이 있을까요 일단은 총 10권 회사가 3000명 인데 그 정신과 집안이라는 것 사실 확률 상으로 그냥 걸리는 거 잖아요 그중에도 장애인이 조울증 그리고 마마도 조연 병을 않으셨던 분 도 아마도 그리고 높은 확률로 다니는 우울증 공황장애 강박증 r 신부들을 당연히 되실 거에요 당연히 에 그러면은 약을 먹죠 저는 그렇게 생각해요 이런 말씀을 하시는 분들의 기본적인 그 배경에는 약간 음모론 적인 생각이 좀 깔려 있는 경우가 많아요 그 제약회사의 사주를 받아서 먹은 안 되는 약을 공급을 하는거고 그렇기 때문에 그게 얼마나 덜 칸 약인지 알고 있는 정신과 의사들은 손도 되지 않으면서 먹이기 말한다 라는 생각을 가지고 계신 경우가 많죠 4 그리고 어쩔때 또 직접 제자 보셨던 2 사실 너무 큰 부작용을 한번 겪어서 머금어 부작용을 수 있고 게 금자 낼 수도 있는데 너무 힘들다 보니까 그게 괴로워서 보는 리퍼를 다시는 분들도 금일 계시긴 할 거에요 대통령이 먹는 경우가 있습니다 제가 있는 응모 기록 차트 이런 정신과 방이 있어요 점수가 선생님들이 모임 밤인데 거기에 보면 뭐 최근 해 그 어떤 항우울제가 새로 나오게 했는데 거기에 대한 복제 어떤 제약회사 어떤 제약회사에서 이제 복제 약들을 만들었는데 그 곳서 보신 경험이 있는지 물어 원은 그러한 얘기들이 a5 같거든요 혹시 제가 올린 거 보셨나요 대해 봤어 짠 아예 무슨 야 먹었던 이거 완전 다이어트약 이내에 4 요 졸리 더라 네 그렇죠 어떤 약은 너무 이란 의장 함께 굉장히 걷고 어떠냐 뭐 졸리 자들 그 선생님은 항상 나올때마다 본인 직접 드셔보시고 부작용이 어떤 체크하셔야 하는 거야 그게 만약에 정말 생각하시는 것만큼 이거 조기 다 파고 맞는 야기가 라면 본인이 먹을 수 있겠습니까 그리고 이제 제가 팍 테스트에서도 말씀을 드린 적이 있는데 o 제품 내에 병원에서는 수렴 받을 때 처음에 입원을 해서 환자 분들이 드시는 그 약을 똑같이 먹고 간 체험을 한다 라는 것도 말씀드린 적이 있거든 저희도 옛날에는 다 거 보라고 그랬다고 전투 된 적이 있어요 네팔 에어 7개 옛날에는 5 정보 쉽지 않지만 라는 요런 양어 같다 저는 일단 여러분 얘기한 적이 있는데 그 항우울제 중 하나에 외부 트리 늘 1병 선생님과 좁은 방에서 같이 지낼 때 헬머 먹어본 적이 있구요 그리고 조양 병 치료제로 개발됐고 조울증 우울증 여러가지 요즘은 순위 안에 제일 많이 쓰이는 쿼터 핀 이라는 약을 매 옛날의 임상실험 할 때 돈 벌려고 자진해서 먹어본 적이 있고 그래서 정말 부작용으로 힘들었어요 말 많이 자고 넘어질 뻔 하고 에 그런 경험이 있습니다 어 저도 자주 말씀드릴 이게 그 정신과 약이다 라고 하기엔 좀 그렇지만 인데 늘 사실인데 눈은 그쳐 저도 많이 먹어 앱 베타 수용체 차단제 인데 뭐 이런 신체적인 불안을 조절하는 목적으로 많이 잠시 카에서 쓰기 때문에 정신과 약 이라고도 할 수 있을 텐데요 그 약은 뭐 지금도 유지에 태로 먹고 있구요 adhd 의 약도 복용 해 봤고 지금도 뭐 간간히 후경 하고 있구요 제가 생각했을때 저포함 해명 중에서는 제일 약을 좀 구주 나게 먹지 않았을까 라고 생각을 합니다 두분 다 아시겠지만 제가 꽤 심한 불면증과 광장 의심 사항이 있어서 한동안 약을 좀 먹었어요 그때에는 먹으면서 환자분들이 아이 게 불편하다고 하시는 게 이런 느낌 이었구나 라는 것들을 처음 알게 된 것들도 많습니다 치즐 좀 멍해 지거나 좀 어야 글 하루에 다 먹었을 때 어지럽거나 이런 느낌을 받고 아줌 환자분들 입장이 이해가 되기도 했었는데 그럼에도 불구하고 저는 약물치료를 끝까지 해서 증상이 굉장히 많이 좋아졌어요 그래서 결론적으로는 아 부작용도 일부 있지만 약으로 인해서 얻을 수 있는 잇점이 훨씬 더 크구나 라는 것을 좀 더 자신있게 말씀드릴 수 있게 됐습니다 그래서 확실히 부장이 이끌 있죠 저같은 경우에는 넓은 트리 저도 보고 응해 봤을 때는 별세를 그렇게 하더라구요 4 패킷 얼라 며칠은 랜 3일은 정말로 어느 회사를 많이 했던 그런 부작용이 있었구요 그리고 had 악 같은 경우에는 정말로 가슴이 두근거리고 인자한 약복용 1 제 1 2 3시간 신 하잖아요 그러면 막 답답해 4 답답 함께 대 초반의 복용했을 때는 해놓은 것도 있었고 증세로 입맛이 없습니다 밥먹으로 하고싶음 하게 돼 떨어지는 물은 것도 있고 효과는 갔어요 저도 이제 가족 얘기 가운데 지금은 돌아가셨지만 저희 할머님 께서 갑자기 이제 암이 찾아와서 미움이 급 소파로 안 좋아지면서 몸이 안좋아 질 땐 이제 여러가지 선망 증상들이 나타나지 않아요 에 혼란스러워 짓이오 그때 이제 약을 좀 조절해 드렸어야 되는데 그때는 제가 약을 처방할 수 없는 위치에 써주고 우리 유니 우 선생님이 계신 곳으로 할머니를 모시고 가서 애 좀 약도 중앙 맞고 이렇게 했었습니다 의식의 혼탁 했으면서 는 약 되는데 그 악플이 이제 많이들 걱정하시는 물론 뭐 어떤 떼를 망가트리는 이야기 나라 내 아들인데 필요합니다 먹음 1 오히려 80 더 정신이 맑아 짓이죠 그래서 아이구 한 거였고 짜잔 그 약에 대해서 걱정하시는 막 거부가 충분히 이해합니다 다만 4 그렇게 너라고 없겠냐 가족이랑 먹겠나 이런 은색 썩인 하는 좀 삼가해 주셨으면 좋겠습니다 그러니까요 저희가 지난 영상에서 말씀을 드렸던 것처럼 저희도 사람입니다 암사 아는거 있구요 거기에 맞는 조치 할 겁니다 아 이렇게 까지 이제 생각 없었는데 99% 이상의 분들이 내서 좋은 건의 댓글을 달아주시고 있으니까 거기 힘을 얻었어 좀 계속 꾸준히 방송을 해보죠 아 최근 그런데 그렇 있었어요 아까 터 블랙 인 어 네 그 영상이 제일 문제 헤어질 한국의 어떤 뭐 이게 은사들이 하버드 교수한테 예 이런것도 서호 이런 댓글이 얻는데 삭제가 안 했는데 근데 하버드 홈페이지 들어가보세요 1011 때까지 야 쑨다 먹의 되어 있습니다 그러니까요 약간 넘어 그라 들어왔어요 4 아 그 영상의 원형 해요 저역 애써 똥물에 죄송합니다 제가 브레인 할아버지 너무 싫어 해가지고 4 영상 직장에 그럼에도 싫은 것은 여전히 싫어요 수 없는 그 언니 말 거는 얘기 하고 있으니까 부서 명상을 하려고 했는데 아직 못하고 있네요 생각난김에 중요해 가지고 좀 봐주세요 이거 내가 아 어제 되게 약 n 필요할 때 쓰자 3일간 한번 디스크 베네핏 얘길 하는데 b 양성과 이들 따졌을 때 이득이 더 많을 있을 때 씁니다 그리고 저희에게 도 예외는 없어요 저희가 그런 부분에서 힘든 어려운 점 즉 이런 것들이 있다는 저희 도약 먹습니다 그리고 실제로 도움 받았구요 그리고 자신있게 말씀드릴수 있어요 그리고 이게 점심까지 타서 그런거 아니냐 라고 질문하실 수도 있는데 다름과 의사들도 먹습니다 그럼요 제 친구 이제 다른 안과 의사도 항우울제 복용 하고 좋아졌다 이런 경험이 있고 최근에 2위 의혹과 친구는 경영하는 심해지면서 너무 오래 서서 이제 약을 처방받고 싶다 어떻게 해야되냐 얘기를 하게 된 썩 뺨 저도 뭐 내과 친구들 여러 져요 환자로 등록되어 서 예약을 드리고 있습니다 네 사실 저희가 오늘 이렇게 뭐 개인적으로 약을 먹은 적이있다 가족들에게 도약을 드린 적이 있다 이렇게 4시 오픈 하기에 쉬운 멘트 만은 아니에요 그럼에도 저희가 이런 말씀을 드리는 걸 조금 더 의심을 버리시고 의사들이 정말 의학적 근거를 바탕으로 약을 처방하는 드나 이렇게 믿어 주시면 정말로 감사하겠습니다 부담이 없다는 말 절대 아닙니다 있는데 이쪽이 가 크니까 사용하는 겁니다 그리고 의사들도 고행 술에 대해서도 예외없이 약에 대해서는 신뢰하고 있다는 점 꼭 눌러주시기 바랍니다 네 오늘 영상은 여기까지구요 다음 시간에서 유익하고 흥미롭고 재미있는 컨텐츠 들고 찾아오도록 하겠습니다 추가 궁금하신점 있으시면 언제든지 댓글 남겨 주시면 최대한 또 다른 영상에서 다뤄 보도록 해 볼게요 감사합니다 감사합니다 오늘 영상 좋은 차주 재밌고 유익 하셨다면 고독 4좋아요 r100 피스 기 빨리 3 쪽까지 냈고 부탁드립니다 감사합니다 좀 올립시다 [음악]
https://www.youtube.com/watch?v=qBmpSd4RwNg,qBmpSd4RwNg,정신과에 가서 약 안 받고 상담 치료만 하는 방법은?,정신과의사 뇌부자들,정신과 항문 너무 다 케이스 바이 케이스 라 그러고 정리정돈이 안 된거 아닌가 라고 느끼실 수 있는데 사실 좀 흡연이 많습니다 뭐 네 안녕하세요 내부 자들이나 안녕하세요 오늘 저희가 준비한 주제는 상당 치료만 받기를 본 여 않은 경우입니다 보통 많이 생각하시는게 이 정신과 의사라고 하면 은 이래 양반 권할 것이다 조건이 였죠 상담은 제대로 안해주고 약물 치료만 생각할 것이다 상담은 기대해서는 안 된다 이런 얘기들 많이 하시잖아요 사실 그렇지 않거든요 저희가 약을 달라고 해도 써 보지 말고 기다리자 라고 하는 경우도 있고 우선적으로 상담 치료가 더 도움이 될 것 같은 경우에는 어야 갈 쓰고 상담한 해보자 라고 하는 경우도 있습니다 어떤 경우가 해당이 애칭 온으로 거기에 대해서 좀 이야기를 드려 보려고 합니다 아 일단 뭐 첫번째로는 어떤 생물학적 인 증상이 더 들어가지 않은 경우 겠죠 크니 뭐 신경 식물학적 증상 이라고 하는 것 1호 베스터 티브 센텀 이 없는 경우 요건 이제 뭐 시 교 에 변화가 없거나 뭐 수면에 어떤 변화가 없거나 변화가 없을 때 그 제모 약을 권유 드리지 않기 에서 합니다 이제 우울 하다 라고 하면은 약이 도움 되는 경우도 있고 안되는 경우도 있고 그 저희가 되게 애매하긴 해요 왜 하기 위해서 한번 보고 결정을 내리기 힘들 때가 있는데 뭐 어쨌든 이제 우유가 우울증이라는 것 이 세가지 요인이다 작용을 하거든요 환경 중에 그리고 심리적인 요인 그런데 이 기질적인 왜 4기 질적인 요인에는 저희가 최대한 약물로 해결할 수 있는데 간혹가다가 심리적인 요인이 너무 많은 부분을 차지하고 있는데 그 2분은 보면 우울 제상에 너무 심하지는 않고 울까봐 예를 들어서 친형 식물학적 증상도 없고 어쨌든 사회생활이나 대인관계에 계속해 나가고 있는데 그 분의 상황을 해석하는 실리 자체 항상 난 부족하고 다른 사람들 많 비교하고 다른 사람 내달 안 좋게 생각하는 것 같은 이런 심리적인 문제 만주로 우울감 의 원인으로 국한되어 있다고 느낄 때는 약물치료 쓰지 않고 온 영향 난 위주로 이끌고 가는 경우도 있습니다 그런데 이렇게 하다가도 그래서 약을 좀 써보는게 낮게 있는데 여기서 약을 쓰면 은 이런 인지 부주 자체가 바뀐 경우도 있고 안 바뀌는 경우도 있 좀 그렇습니다 좀 어렵긴 해요 음 역시 비슷한 맥락에서 이제 성격적 인 문제들 2 이 사람이 가진 문제의 대부분을 설명할 수 있을 때 이런 경우에도 사실은 약물 치료보다는 상담 치료를 우선적으로 관한 초 성격적 특성을 사실 뭐 약으로 뭐 일부는 완화시킬 수 있을지 모르겠지만 근본적인 부분을 바꿀 수 없기 때문에 그런 패턴을 스스로 조금 인식하고 바꿔나갈 수 있도록 돕는데 초점을 맞춥니다 대신에 이런 경우에는 시간이 굉장히 오래 걸리겠죠 그리고 권유를 드려도 원치 않으실 때가 있어요 뭐 약을 좀 써 보시면 좋겠다 라고 하는데 뭐 약보다는 그냥 상담으로 조금 더 해보고 싶다 먹은 이제 약 자체에 대한 거부감이 분명 있으시죠 약에 대한 걱정 두령 요런거 때문에 약을 쓰지 않기를 원하시는 분들이 계십니다 때 분명히 그런 경우에 하 이거는 꼭 써야 되는데 라고 할 때는 좀더 강력하게 추천을 드릴 때도 있지만 제가 생각하게 던 요건은 분명히 도움이 될 것 같지만 상담으로 도 어떻게든 좀 이어나갈 수 있을 것 같다라는 한 경우에는 그러면 약 없이 좀 상담을 해 보시죠 라고 말씀드렸는데 저는 이 부분을 꼭 말씀을 드리고 싶었는데 솔직하게 사람 여는 의뢰 예약을 꼭 권 할 거고 내가 약 먹고 싶다고 하면 그 안 받아주고 그래도 약을 줄 테니까 강원은 가만 안 되겠다 이런 식으로 생각을 하시는 분들이 의외로 많이 계시더라구요 근데 사실은 저희가 억지로 약을 먹일 수 있는건 아니죠 당연히 환자분의 의사를 존중하고 틀 안해서 가장 좋은 방법들을 찾아 보려고 노력을 합니다 실제로 모 약을 안먹고 조금 기다려 보면서 상담만 하면서 지켜보자 라고 하는 경우도 분명 있으니까 이 부분에 대해서 왜 없으셨으면 좋겠어요 제가 아까 이제 약을 좀 쓸까 말까 고민 되고 그럴 때 써보면 좋아지는 경우도 있고 아닌 경우도 있다니 그게 사실이구요 그래서 저는 그렇게 애매할 때 솔직하게 말씀 드린 편이에요 저도 좀 고민되는데 이렇게 써서 좋아지는 경우도 있다 물론 효과를 못 보는 경우도 있구요 선택은 이제 같이 하는 좋겠다 라고 이렇게 말씀들이 편인데 이런 얘기를 하며 항상 이런 댓글이 달려 요건 외에 그렇게 심각한 영향을 미친 약을 그렇게 아니면 말고 식으로 써도 되냐 라는 식의 반응들이 항상 있는데 이게 뭐지 서 영구적인 영향을 미치게 절대 없거든요 12 우리가 타이레놀 한번 고민하다가 먹는다고 그게 앞으로 우리의 고 간기능에 영구적인 영향을 위치에 절제 아니잖아요 며칠 지나면 몸에서 다 씻겨 사라지듯이 파울 제나 한 번 한 제도 단기간 보며 화면은 당연히 그냥 몸에서 시켜서 다 사라집니다 그런데 가끔씩 이제 내가 옛날에 먹었던 그 약 때문에 지금까지 영구적인 부작용을 앓고 있다 라고 얘기 하신 분들이 있는데 사실 그 분들께는 또 상처 된 얘기일 수 있지만 약으로 인한 게 아닌 경우들이 대부분이에요 그렇기 때문에 그냥 이것 좀 어쩌지 싶은 경우에는 약을 한번 써보고 반응을 본 다음에 결정을 볼 수 있습니다 근데 써봤더니 반응이 없다 부작용만 겪으신 다 그럴 땐 저도 그냥 약 쓰지 말고 상담만 하자 이렇게 가 보기도 하죠 추가로 마약 까먹는 경쟁 인데 해서 병원에 가도 되겠느냐 라는 말씀을 하셨는데 저희가 이렇게 되게 말씀 드리는 만큼 터도 코로 내 봄이나 하셔도 되지 않나 라 제헌 밑에 진짜 뭐 사람 간의 관계 모여 4문제 이런거 가지고 오시는 분들이 계시거든요 저는 그런 분들 하고 뭐 2주에 한번 길게 한 달에 한 번 이렇게 만나 가지고 가볍게 이야기라는 꼭 충분히 시간에 드리기는 하지만 그렇게 보고 계시는 분들도 분명 있으니까 너무 뭐 약물 치료 여부에 부 애 받지 않고 병원을 찾아 주셔도 좋을 것 같아요 또 이제 공황장애가 오는 흔한 일까요 동안 발작을 한 차례만 겪으셨던 때 이제 크게 놀라서 어이 거야 물체를 시작해야 되겠다고 바로 옷이 경우가 있는데 공안 발작을 딱 한 차례만 겪었고 어 이게 다시 생기면 어쩌지 라는 얘기 불안은 심하지 않을 때는 다시 기다려보는 게 원칙입니다 왜냐하면 다시 공황발작 반복되지 않는 경우가 되게 많거든요 그래서 그런 경우에도 아직은 모양이 취하지 않고 좀 더 기다려 봐도 된다고 돌려 보내는 경우가 많이 있구요 또한 필요 씨앗만 사용하실 경우 들도 있죠 발표할 때 너무 불안하다 특정 일을 앞두고 너무 불안하다 이렇게 오신 경우에도 가끔씩 드실 p 당시 양만 드리고 평상시에는 약처방 않은 경우도 많이 있습니다 그 사장님 어떻게 하실지 모르겠는데 이제 공황장애로 7월에 3 쭉 해서 가 좋아져서 치료를 종결했다 가 뭐의 새거 몇 개월이 나 없느냐 않게 다시 오셔서 환 차례 이 제공한 발 짜리 있었는데 다시 재발 된게 아닌가 라고 두렵다 걱정된다 바로 할 때도 뭐 필요 샤먼 드리거나 간단히 조 안심을 시켜 데리고 약을 처방한 경우가 있거든요 예 그렇게 좀 하시나요 케이스 ikea 쫓는 말한 대로 하는 경우도 있고 내 근데 그럴 때 보이신 불안의 정도가 또 너무 씨가 원리에 따라 달렸을까 얘는 그 얘기 불안 때문에 뭐 이제 새로 짠 달 물로 기억해내는 이제 다시 집을 시작한 경우도 있구요 전 사실 저희가 이렇게 말씀 드리는게 정신과 항문 너무 다 케이스 바이 케이스다 그러고 어떻게 될지 모르고 가 이렇다는 거 아냐 정리정돈에 안 된거 아닌가 라고 느끼실 수 있는데 사실 좀 그 면이 많습니다 우리 사람의 뇌 라는게 그냥 들여다볼 수 있는건 아니잖아요 그렇기 때문에 근데 저는 더더욱 다양한 시도들을 해 봐야 된다고 생각을 해요 그렇죠 자시 원래 얘기로 조금 돌려 가지고 어야 글 쓰지 않는 경우에는 이런 경우도 해당이 있을 것 같아요 울진 사용 연구하고 굉장히 좀 강연이 많이 되었을 때죠 방금 제보 한 발짝 얘기도 하셨지만 동안 발작 같은 경우에는 술이나 카페인 하고 과연 이 높죠 그런거 에 의해서 유발 되어서 한 차례만 생겼을 때 이럴 때는 뭐 카페인 끊어 보자 술 일단 과음하지 말고 나 안 드신 상태로 지켜보자 이렇게 볼 수 있는거고 불면 층도 마찬가지인 것 같아요 카페인 섭취가 생각보다 굉장히 영향을 많이 주는 데 이것들 나도 모르게 굉장히 많이 하고 있는 경우들이 있거든요 병원에 와서 그런 것들을 얘기를 하시면 고선 생활 습관을 바꿔 보자 뭐 이렇게 얘기를 드리고 좀 더 지켜보는 경우들이 있습니다 그런 특히 좀 소아청소년 같은 경우에는 또 야간 쓰는게 부부 먹었던 뭐 임신 특수한 컨디션 아 그렇죠 란 쓰는 경우가 좀 있잖아요 4 말해요 아이들 같은 경우에는 곳이기에 특징적으로 잠깐 나타났다가 이제 시간 지나면서 없어진다 라고 알려진 증상들이 여러 있기 때문에 너무 놀라지 말고 조금 지켜보자 뭐 탭 같은 경우에는 어떤 케이스 들에서는 그렇게 좀 지나갈 게 예상이 된다 라고 하면은 지켜볼 수 있는 거고 아니면 뭐 야경증 같은 것들이 있겠죠 시간이 지나면 소실되는 경우가 많으니까 특별한 치료 없이 넘어가는 경우도 있죠 4 그래서 사실은 환자나 보호자 분들께서 약의 꼭 썼으면 좋겠다 라고 얘기하는데 도 저희가 안 쓰 윽 맞아요 내 좀 더 기다려보자 라고 하는 내용들이 생각보다 꽤 있으니 다음날 저희가 항상 그렇게 무조건 약들이 고온 꼭 드셔야 된다 이렇게 하는 것은 아니라는 거 알아 주시면 감사할 것 같아요 오늘은 저희가 어떤 경우에 상담 치료를 우선으로 건 아는지 약을 권하지 않는 지에 대해서 말씀을 들여왔습니다 이야기하다 보니까 저희가 너무 약정으로 올리는 것에 대한 해명 집회 등을 일으킬 좀 있는데 그만큼 이렇게 조금 잘못된 생각들을 가지고 계시는 분들이 분명히 계신 것 같아요 정신과 라멘의 래 마음은 뭐 들여다 보지도 않은채 그냥 망 주려고 한다 물론 그렇게 상처 많은 경험들이 있는 분들이 분명히 계시다는 것은 저희도 인지하고 있습니다 마 그만큼 다른 한쪽에서는 또 그런 상처들을 감싸 안고 도와드리기 위해서 노력하고 있는 회사들도 있다는걸 알아주셨으면 좋겠습니다 저희는 다음 시간에 더 유익하고 흥미로운 컨텐츠 들고 다시 찾아뵙도록 하겠습니다 감사합니다 감사합니다 오늘 0 4 저러니 차주 재밌고 유익 하셨다면 구독 4좋아요 r&d 쓰기 빨리 3 쪽까지 냈고 부탁드립니다 감사합니다 보십시오
https://www.youtube.com/watch?v=Z5BUsaOvkbc,Z5BUsaOvkbc,항불안제 / 신경안정제 / 수면제 부작용,정신과의사 뇌부자들,예 단골 질문이죠 이약 먹으면 치매 생기는 거 아니냐 기억력 떨어뜨리는 거 아니냐네 어떻습니까 안녕하세요 뇌부자들네 안녕하세요 저희가 지난번에 정신과의사들이 솔직하게 말하는 항울제 부작용 영상을 찍었었지 아요요네 좀 잘 나갔죠 맞아요 그때 항불안 제도 다뤄 달라라는 이야기들이 많았습니다 그래서 오늘은 수면 진정제 이런 항불안제 부작용에 대해서 저희가 말씀을 드려 보려고 해요 오늘 부작용을 다룰 약은 이제 수면제 그리고 항불안제 불리는 어 대표적으로 이제 벤조디아제핀 계열의 약이죠 가바라 하는 물질에 작용해서 항불안 작용 수면 작용 진정작용 근육 위한 한 경련 작용 등을 합니다 그래서 뭐 클로나 재판 뭐 리보트릴 어 로라 제팜 아티반 뭐 알프라졸람 뭐 알프람 등등의 약들이 있죠 많이들 사용하고 있어요 실제로 또한 제트 드럭이라고 해서 비슷한 작용을 하는데 항불안 항 경련 효과는 적고 수면 작용에 특화되어 있는 약이 있습니다 흔히 알고 있는 졸피뎀 스틸록 아는 약이 여기 속하게 되고요 어네 그래서 이런 약들이 뭐 공황장애를 포함한 불안 장애라는 뭐 불면이 우울증이라는 이런 다양한 상황에서 사용이 되는데 굉장히 효과가 빠르고 강한만큼 어 부자병 대한 걱정도 좀 많아서 어 질문들을 많이 듣게 됩니다 부작용에 대한 얘기들이 사실 어떻게 보면 거의 괴담 수준이에요 아 그래서 저희도 진료실에서 또 저희 채널 댓글에서 도 많이 듣기도 하는데 오늘은네 정말 과학적으로 여러 논문들을 종합해서 어이 부작용의 강도 뭐 또 일관성 시간적 선호관계 뭐 특이성 용량과 관계 등을 이렇게 봐서 정말로 약과 부작용의 관계를 딱 연구한이 논문을 근거로 한번 설명을 드려 보도록 하겠습니다네이 진장 수면제와 가장 관련이 있고 또 큰 부작용 첫 번째는요 교통 사고입니다 강하게 들어오네요 훅 시작하죠네 교통사고 이제 예상 못하는 거실 수도 있을 것 같은데이 표를 보면요 어 굉장히 대부분에서 그 강력한네 관계를 보여주고 있죠 또 관계가 있을 뿐더러이 용량이 늘어나면 거기에 따라서 이런 뭐 운전과 관련된 기능들이 떨어지면서 사고가 더 날 수가 있습니다네 사실 이제 처방을 하고 처음 처방을 들리면서 약이 되게 졸릴 수 있다 그래서 처음에는 좀 마침 일어나는게 힘드실 수도 있고 운전할 때 너무 어려우실 수도 있고 근데 그걸 또 미리 예측할 수가 없는게 어떤 분은 뭐 한두 알 드셔도 너무 하나도 안 졸리고 효과가 없는데 어떤 분들은 반에 반할 만드셔도 너무 졸리고 사람마다 이게 다르거든요 그래서 좀 겪어 봐야지 적정 용량을 찾을 수 있는데 좀 불안하시면 혹은 뭐 불편하시면 병원에 연락 주시라고 하면은 너무 졸려서 힘들었다 운전하다 사고 나는 줄 알았다 이런 말을 종종 듣게 됩니다네 안타갑게 진짜 뭐 사고가 나는 경우도 있고요 이게 그 이런 한 정자들을 복용을 하다 보면 실제로 졸리기도 하고 또 근육 위한 효과가 있기 때문에 뭐 시야 조절이 안 된다든지 운동 이런 이제 반응 속도가 내 마음 같지가 않거든요 그러다 보니까 사고가 날 수가 있습니다 그래서 실제로 뭐 오전이나 오후에 이렇게 이런 약을 처방을 들릴 때는 좀 조심하시라고 말씀을 좀 드리죠 맞아요 미리 워닝은 좀 드리기도 하고 그리고 좀 힘들어 하시는 분들은이 벤조디아제핀 계열 안에서도 조금 덜 졸린 약들이 있거든요 그쪽 약으로 바꿔 드리거나 아니면은 어쩔 수 없이 낮시간에는 이런 약들음 좀 빼거나네 예 그렇게 됩니다 맞아요 아니면 꼭 복용을 하셔야 되면 차 타지 마시라네 대중교통 타세요 이렇게 하기도 하죠네 두 번째로 확실하게 좀 관련이 있고 좀 증가된 부작용은 낙상과 골절입원 벤조디아 제핀 사용은 낙상과 골절의 위험성을 분명하게 증가시키는 걸로 좀 나왔고요 이거 역시 아까 말씀드린 것과 유산한 어 기전입니다 반응 시간이 증가하고 좀 나른해지는네 균형 및 보행장애 좀 어지러운 없고 특히나 누워 있다가 일어날 때 좀 핑 돌면서 좀 쓰러지시기 되는 경우도 있고요네 용량이 높을수록 위험성이 증가되고 전체적으로 벤조디아 재피는 낙상의 위험성을 50% 증가시켰다고 하고요 특히나이 위험성이 높은 분들이 이제 연세 있으신 분들 골다공증 있으신 분들 그리고 뭐 근력 약화나 파킨슨병 기립성 저혈압 있으신 분들이 아무래도 더 위험하고네 그래서 저희도 이제 연세가 좀 있으시거나 기립성 저혈압이 있으신 분들 처방할 때는 특히나 위험할 수 있다라고 말씀을 드리고 저희가 처방을 할 때 차트에서도 전자 차트에서도 왜이 연세가 많은 분에게이 위험할 수 있는 약을 쓰냐 라면서 딱 알림창이 뜹니다 그래서 저희도 아 정말 쓰기 싫지만 쓸 수밖에 없는 이유에 대해서 좀 입력을 해야 되고요 모든 처방에는 사실 좀 이런 위험성과 이득이란게 다 리스크와 베네핏이 다 따라오는 거잖아요 그래서 이거 균형을 잡는게 참 힘든 일인 거 같습니다네 교통사고나 어떤 낙산 골절 부작용에 대해서 말씀을 드렸는데이 부작용이 특히 약을 처음 시작할 때나 아니면 유지 용량에서 이제 약을 증량할 때나 이럴 때가 좀 위험하거든요 그러니까 요럴 때 좀 조심하시고 어 좀 유지 용량 드시면서 괜찮다 하시면 또 너무 걱정은 안 하셔도 될 것 같습니다 세 번째로 나오는 아 이게 아마 저희가 가장 많이 듣는 양대 산맥을 텐데요 인지장애 및 치매의 리스크에 대한 부분입니다네 진정 수면제 부작용에서 사실 의존성 내성 생기는 거 아니냐 더불어 양대산맥으로 저희가 많이 듣는게 아닐까 싶어요 지난주에도 진짜이 얘기를 하셨던 몇몇 분들의 얼굴이 지금도 스쳐 가고요 그래서 그거에 대해서 또 막 설명드렸던 내용도 좀 생각이납니다 예 단골 질문이죠 이약 먹으면 치매 생기는 거 아니냐 기억력 떨어뜨리는 거 아니냐네 어떻습니까 어쨌든 좀 솔직하게 말씀을 드려야 되니까 여기서 표에서 보면 플러스 마이너스 좀 여러 가지 좀 있죠 일단 기본적으로이 진정 수면제를 장기 사용을 했을 때인지 기능이 떨어질 수가 있습니다 이런 또인지 기능 저하는 약물을 중단하면 또 대부분 개선이 되긴 하는데 다만 어떤 연구들을 보면 돌아오지 않는 것도 있다 그리고 특히 그 부분은 언어적인 기업 부분이다라는 연구도 있어요네네 특히나 노인 분들에게서 이제 진정 수면제를 장기 사용하면 치매와 관련되어서 이제 예전에 뉴스 보신 분들도 있고 그 소식을 되게 많이 알고 계신 분들이 있는데 어 실제로인지 기능이 떨어져 있거나 치매가 있는 사람들이이 벤조디아 재핑 계열 한구 한재를 쓰면은 인지기능 저하가 악화될 가능성이 더 높습니다 그리고 실제로 많은 연구에서이 벤조디아 재팬 사용과 치매 사이의 연관성이 나오기도 했거든요 그래서 많은 연구들 연구들이 막 있는데 그 각각이 다른 얘기를 하니까 그거를 종합한 메타 분석에서이 벤조디아 재팬이 치매 위험도를 어 49에서 78% 높인다는 결과가 실제로 있기도 했습니다네 예 그런데 이게 벤조디아 재팬이 원인이 돼서 그런 건지 아니면 이미 치매로 진행 중이던 환자분이 치매에 되게 흔하게 동반되는 증상인 불안 때문에 벤조디아 재팬을 더 흔히 사용해서인지 명확하지가 않다고 해요 반면에 진정 수면제와 치매의 관계를 부정하는 연구들도 많이 있습니다 벤조디아 재핑 계열 약물이 오히려인지 기능을 좋게 만든다 호전시킨다는 보고도 있거든요 이게 불안이나 불면이나 우울 이런 증상들을 나아지게 만들면서 이차적으로 으로 이런 인지기능 기억력 또 좋아지게 만들다 이런 가능성이 있는 거죠 사실 아시잖아요 공부해야 돼 가지고 공부할 때 너무 많아서 밤새고 시험보러 가면 망합니다 아 그렇죠 그렇죠 네네 그러니까 노인 분들께서 수면이 짧아지고 불안 때문에 치매가 오늘 그런 위험성 때문에 더 막 불면을 견디시면 오히려 그 불면과 불안이 뇌에 미치는 인지기능 저하가이 벤조디아 제핀 약으로 인한 것보다 훨씬 더 심합니다네 그래서 지금 말씀드린 거 것처럼 불안이나 불면 자체가 치매 위험성을 높이는게 약으로 인한 리스크 다 훨씬 더 크다고 보시면 되고요 약을 복용하면서 이런 불안이나 불면이 조절되고 오히려 뇌의 기능을 보호하는 작용으로 나온 논문들도 많이 있는 거죠 그래서 벤조디아 재팬의 장기 사용과 뭐 인지기능 저하의 관계에 대한 최근의 체계적 검토에 따르면요 14개 연구 중에 딱 세 개에서 그러니까 약이 어 치매 위험성을 높인다라고 보고되었고 나머지 11 개는 아니라는 거고요 전국 의료 데이터베이스를 사용 우리나라의 연구 결과에서는 치매와이 항불안제 사용 사이에 관계가 없다는 결과가 나왔습니다 물론 이제 저희 정신과 의사들도 좀 조심해서 사용을 해야 되겠지만 그러게 걱정하시는 것만큼 진정 수면제와 치매 기억력 저와의 관계가 명확하지가 않다 그렇게 뚜렷하지 않다 하는만큼 너무 걱정 안 하셨으면 좋겠습니다 그러니까 너무 뻔한 말일 수 있는데 잘 쓰면 약이 되고 잘 못 쓰면 독이 될 수 있기 때문에 그 사이에서 균형을 잡아 나가는게 굉장히 중요하지 막연한 공포 때문에 그 불면 불안으로 오히려인지 기능을 더 낮추시는 그거는 좀 피하시면 좋을 것 같습니다 그리고 또이 표에 나와 있지 않은데요 또 흔하게 나타날 수 있는 부작용으로 뭐 역설 반응 혹 뭐 기이 반응이나 모순 반응이라고 하는 이런 부작용이 있어요 이건 뭐냐면 어 약을 썼을 때 오히려 진정 안정이 되지 않고 충동적으로 변하거나 공격적으로 변하거나 굉장히 어떤 조절 능력들을 잃게 되는네 그런 반응을 이야기합니다 진류 실에서 되게 자주 듣는 거는 폭시 네 자기전에 그 벤조디아 재들은 불가들은 걸 먹고 폭식을 했다 특히나 졸피뎀 스틸럭스 같은 제트 드럭 경우에는 기억도 못하는데 냉장고를 다 해치운 경우들이 꽤 있습니다 맞아요네 그래서 뭐 이걸 더 두려워하고 걱정하시지 않나 싶은데 이런 반응들은 기본적으로 뇌가 억누르고 있는 조절하고 있는 기능을 어 약이 이걸 탈억제 시키다 보니까 요렇게 나올 수가 있는 거예요 그니까 전두엽의 기능이 평소에 충동을 억제하고 있는데 우리가 술 마셔서 전두엽이 술에 잠기면 그냥 충동적인 모습 보이잖아요 평소와 달리 그거와 똑같이 약이 이런 모습을 만들 수가 있고요 이거는 모든 환자분들에게 나타난다 보다는 보면은 나타나는 분들에게서 나타납니다 예 그래서 그분들은 이런 벤조디아 재팬이 제트 드럭 사용을 빼고 다른 수면에 관련된 약들로 조절하는게 좀 필요한 거죠 어쨌든 이게 약 때문에 그럴 수 있는 거니까 만약 요런 증상으로 힘들어하시는 분들이 계시다면 꼭 담당 의사하고 상의를 해 보셨으면 좋겠어 있요 마지막으로는 약물 병용 투여시 문제가 되는 거를 이제 말씀드릴 수 있겠는데요 알코올 그러니까 술과 이제 중추신경 억제제 같은 다른 약물과 병용 투야 될 때 문제가 될 수 있죠이 알코올이나 중추 식경 억제제는 우리 뇌를 이렇게 좀 처지게 만들고 심할 때는 중증 진정작용 그래서 막 호흡도 떨어지고 이럴 수 있는데 거기다가 저희 진정 작용에 있는 약이 같이 들어가면은 너무 깊게 잠들어서 문제가 되는 경우들이 분명히 있습니다 쨌 수리나 이런 준 경 억제제뿐만 아니라 어 마약성 진통제 마약류를 사용했을 때 이런 약들을 같이 쓰게 되면 또 비슷하게 호흡이 억제 된다든지 혼수 상태에 빠진다는 이런 좀 문제가 생길 수가 있어요네 저희가 기존의 질문에 자주 답변 드렸던게 가벼운 음주 뭐 맥주 한두 잔이나 뭐 친구들 회사 동료들과의 회식에서 가벼운 음주 정도는 사실 약물 치료와 병행하는데 크단 문제가 되지는 않습니다 그런데 다만 어 약물 용량이 평소에 많이 높거나 아니면은 술이 너무 많이 들어갔을 경우에는 병용을 당연히 조심해야 되는 거고요 네네 이렇게 저희가 항불안제네 진정 수면제를 복용했을 때 생길 수 있는 부작용에 대해서 말씀을 드렸는데 또 걱정하고 있는 그런 의존성 오용 남용에 대한 문제는 요것만 그도 사실 굉장히 좀 시간이 길어질 것 같아요 그래서 다른 영상에서 다시 말씀드리도록 하고요 오늘은 요렇게 마무리하도록 하겠습니다 오늘 저희 영상을 보시고 마음이 조금 더 편해지실 분도 아니면은 더 불안해 지신 분도 있을 텐데요 저희가 좀 결론적으로 말씀드리고 싶은 건 분명히 처방된 용량 그리고 주치와 잘 상의하면서 사용하면 분명히 안전성이 더 큰 약이기 합니다 예 그래서 혼자서 두려워하지 마시고 예 꼭 주치와 상의하에 약이 약이 될 수 있도록 잘 사용하시면 좋겠습니다 오늘 영상 조금이라도 재밌고 유익하셨다면 구독네 좋아요 댓글 쓰기 알림 설정까지네 꼭 부탁드립니다 감사합니다 감사합니다 [음악]
https://www.youtube.com/watch?v=IfBfM5QjaPI,IfBfM5QjaPI,우울증 약 복용기간 솔직한 총정리!,정신과의사 뇌부자들,경우에 약물치료를 하다가 증상이 좋아져서 약을 끊는 경우에 첫 달에 25% 정도가 이미 재발을 한다라고 하고요 다음 해에는 60에서 80%가 재발했다고 합니다네 안녕하세요 노부자들입니다 안녕하세요 너 우울증약 한번 먹으면 평생 먹어야 돼라는이 말 다들 뭐 치료하시는 분이라면 되는데 한번쯤 들어보시지 않았을까 싶은데요이 말에 겁나서 치료를 시작하지 못하거나 중간에 중단하시는 분들 사실 굉장히 많이 계십니다 근데이 말이 정말 어디까지 사실인지를 주제로 오늘은 말씀을 드려보도록 할게요 결론부터 말씀드리자면 아쉽고 안타깝지만 그래야 하는 경우들이 종종 있긴 있습니다 그래서 솔직하게 어떤 경우들인지 한번 설명을 드려 볼게요 일단 항우울제를 복용하는 경우는 참 다양하지만 그래도 크게 나눠보자면 우울증 불안장애 강박증이 세 가지가 대표적이라고 할 수 있겠어요이 셋 모두 세로토닌 호르몬의 이상이라는 이런 공통점을 가지고 있는 질환들이기 때문에 치료제와 치료법이 큰 틀에선 사실 거의 비슷합니다 그런데이 항우울제 치료의 목표는 뭐냐 약물이 뇌신경세포의 유전적 변화까지 일으키고 그것을 안정시키는 건데 이게 보통은 짧게 6개월 길게는 1년 정도 걸린다고 합니다 그래서이 기간 전에 약물을 중단할 때는 아무래도 재발할 가능성이 좀 높다고 보고요 그래서 저 같은 경우에 증상이 좀 많이 경하다 싶었을 때는 그래도 6개월 정도 어느 정도 좀 정도가 있다라고 하는 경우에는 한 1년 채워서 드시자라고 말씀을 드리는 편입니다 처음으로 우울증부터 이야기를 해보자면요 만약에이 우울 에피소드 그러니까이 우울 에피소드라는 거는 증상이 없던 건강한 시기와 달리 보통 몇 달 정도 우울증으로 고생한 시기를 우리가 울 섭하 울 에피소드라고 부르게 되는데요이 우울 에피소드가 처음이 아니라 반복된 경우에는 가능하면 약을 중단하지 않는게 좋다라고 합니다 왜냐하면 재발성 우울증의 경우에는 잘 호전된 후에도 재발할 가능성이 생각보다 높거든요 연구에 따르면 첫 번째 치료가 된 뒤에 1년 내 재발률이 33%인데 반해서 두 번째 치료를 한 후에는 1년에 재발률이 50% 정도로 올라간다고 하니까 사실은 이런 재발률을 고려했을 때 약을 끊지 않고 유지하는게 좀 더 도움이 되겠죠네 이게 무서운게 재발이 되면은 점점 그 다음 또 재발할 확률이 점점 올라갑니다 그리고 그 재배 사이에 기간도 더 짧아지기 때문에 재발을 막는게 정말 중요하고요 맞습니다 국가나 학회별로 이런 치료 가이드라인을 제시하고 있는데 약간씩 차이가 있을지 몰라도 큰 틀에서는 비슷해요 근데 중요한 건 또 그 가이드라인만 대로만 가는 건 아니고 주치의와 환자분이 충분히 상의하여서 결정 내린 걸 권유하고 있습니다 저도 두 번째 재발 후에는 가능한 좀 길게 드시자 이렇게 말씀을 드리는데 또 되게 젊은 분들한테 평생 드시라는 말을 드리는 거는 진짜 어려운 일이죠 너무 막막한 일이고 좀 안타까운 일이거든요 그래서 그분의 증상이 얼마나 길게 갔는지 얼마나 심했었는지에 따라서 좀 다르게 결정을 내리게 됩니다 이제 일반적으로 처음 우울증이 발생해서 6개월 내지 1년에 치료 기간을 채우고 나면 환자분께서 재발을 걱정하실지라도 잘 설득해서 약물치료를 중단해 보고요 안타깝게 재발이 되면 치료를 다시 해야 되는데 이게 또 가이드라인에 의하면 2년 반 안에 재발이 된 경우에는 재발 방지를 위한 치료를 5년간 할 걸 권유하는 가이드라인도 있더라고요 되게 빡세잖아요 5년 진짜 기네요 두 번째 재발인데 그러니까요 근데 이거는 그만큼 재발을 막는게 중요하고 왜냐하면 재발하면 그 다음 제발 올 확률이 너무 올라가 버리니까 또한 재발 막는게 어렵기도 하다는 뜻이겠죠 한국형 우울증 임상 지침 3판에 의하면 3번 이상의 주요 우울 사파 에피소드를 경험한 경우에는 가능한만큼 길게 약을 복용할 것이라고 권유하고 있는데이 말이 이제 가능하면 평생 드시라네이 말이죠 참 말씀을 드리면서도 좀 무겁습니다 어쨌든 제발을 막는게 중요하기 때문에 이렇게 좀 길게 말씀을 드릴 수밖에 없는 그런 퀘스트들이 있다라는 거 알아두시면 좋을 것 같고요 앞서 말씀드린 것처럼 이제 공황장애나 사회불안장애 같은이 불안장애 계통에서도 우울증과 항우울제 치료 원칙은 비슷한 면이 있습니다 비슷하게 ssri나 snri 계통의 약물이 주된 치료제가 됩니다 그리고 보통은 6에서 12개월 내에 치료가 끝나는 경우가 대부분인데요 그런데이 불안장애 중에서도 건물안장애의 경우에는 조금 다르게 보는 견해들이 많습니다이 범블한 장에는 말 그대로 정말 다양한 것들을 심하게 불안해하는 경우인데 불안이 심해서 잠도 잘 소화도 안 되고 몸에 긴장이 심해서 여기저기 통증이 동반되는 경우도 많은 이런 질병이죠 여러 연구들에 의하면이 법률안장애의 경우에 약물치료를 하다가 증상이 좋아져서 약을 끊는 경우에 첫 달에 25% 정도가 이미 재발을 한다고 하고요 다음 해에는 60에서 80%가 재발했다고 합니다 그러니까 재발률이 다른 질병들에 비해서 굉장히 높고 빠르게 이루어진다는 거죠 그래서 법문안정의 경우에는 조금 더 길게 안무 치료를 권유들일 수밖에 없고요 재발하는 경우에는 가능한 길게 드시기를 권유를 드리게 됩니다 그런데 또 약이 끊기면서 또 재발이 되면은 그냥 본인께서 사실은 특별히 더 그냥 평생 드시겠다고 하시는 경우가 많은 것 같아요 그만큼 증상의 고통을 더 심하게 겪으셨던 분이니까요 마지막으로 강박증에 대해서 한번 설명을 드려보면 강박증에서도 역시 항우울제가 주된 치료제인데 강박증은 또 다른 질환들보다도 인내심이 치료에 있어서 많이 필요한 질환입니다 한 70% 정도는 약물치료로 호전이 되는데요 우울증이나 불안장애에 비해서 더 높은 용량의 항우울제로 최소 6에서 8주 정도는 지속을 해야지 호전이 나타나기 시작합니다 그래서 몇 주 기다리고 막 약 올리고 이제 효과 있는지 보자라고 했는데 사실 그 약이 별로 반응이 없으면 다시 다른 약물 골라서 또 몇 주 용량 올리고 또 몇 주 기다리고 이랬는데 또 반응이 없다 이러면은 사실 최소 몇 달을 별다른 효과 없이 부작용만 겪으면서 믿고 기다려야 된다는 건데 이게 말이 쉽지 정말 쉽지 않은 일이군요 사실 그래서 처음부터 저희가 치료에 큰 인내심을 가지고 시작해야 하는 질환이다라고 미리 말씀을 드리고 도중에도 설명을 드리지만이 과정이 정말 쉽지 않습니다 그리고 또 감각 같은 경우에는이 증상 자체가 질병인지 아닌지 확신을 못하시는 분들이 많아요 아주 그냥 내 생각이 이런 건데 과연 이게 질병인가 그리고 특히 이제 오염에 대해서는 최근에 있었잖아요 그러다 보니까 당연히 더러운 거 피하고 반복적으로 씻는게 맞지 않냐라고 하시면서 어떻게 보면 그런 것들을 이제 좀 정상으로 여기려는 그런 경향들을 보이시는 경우가 있습니다 그러다 보니까 이제 치료에 확신도 못 가지시고 중간에 잘 낫지 않으니까 치료를 도중에 포기하시는 분들이 생길 수밖에 없는 거죠 그리고 또한 증상이 다행히 좀 좋아지더라도 일부만 좋아지고 어느 정도 남아서 지속되는 경우가 되게 많아요 하기 싫은 생각 떠오르는 횟수가 한 절반으로 줄어서 편한데 여전히 있긴 있다 회사에서 나와서 예전보다는 집에 더 빨리 갈 수 있는데 그래도 돌아가서 체크는 해야 된다라는 분들이 진짜 많아요 그래서 내가 1년이나 치료를 했는데 아직도 남아있는 이것들은 그냥 내 성격이라고 받아들이고 살아야 되지 않을까 과연 다 낫긴 났냐 이제 치료를 그만두겠다라고 말씀하시는 분들 많거든요네 그런데 ssri 계열 약물을 계속해서 유지할 경우에 1년까지도 지속적으로 증상이 호전이 있다는 연구 결과가 있고요 저도 실제로 치료하는 환자분들 중에 이런 식으로 답답함을 좀 토로 하시다가 저는 약을 바꾸지도 않고 유지만 하고 있었는데 신기하게 1년 넘었는데 그 시기가 돼서야 더 좋아지고 완치되는 경우들도 가끔씩 보게 됩니다 더 확 빨리 낫는 치료법이 없어서 저희도 되게 안타깝고 죄송한데 여러모로 인내심을 가지고 약물치료를 받아야 될 시간이긴 하죠 이렇게까지 힘들게 치료한 감각증이 완치가 되어서 약을 끊었는데 다시 재발했다 그러면 참 안타깝지만 그냥 가능한 길게 드시자라고 제안드릴 때가 솔직히 많고요 증상 양상에 따라 다르지만 한 3년 5년 이렇게 말씀드릴 때도 있는데 저는 3년 자주 말씀드리고요 감압증 증상 자체가 워낙 힘들기 때문에 본인께서 그냥 하다 좋아졌었는데 그냥 평생 드시겠다라고 결정 내리시는 경우들이 많습니다 오늘 저희가 말씀드렸다시피 실제 약을 가능한 길게 어쩌면 평생 먹어야 되는 경우들이 사실 임상에서는 생기게 되는데요 그런데 사실 이게 왜 저희가 비난을 받아야 될 일인지 하는 의문이 저의 마음속엔 있습니다 평생 약물치료하는 질환 많거든요 혈압 같은 경우 당뇨 같은 경우 이외에 뭐 다른 갑상선도 그렇고 대사질환들 호르몬과 관련된 질환들은 사실 평생 동안 약을 먹으면서 관리를 해줘야 되는 경우들이 많이 있는데 왜 정신과만 조금 유독 평생 약목이라고 한다라는 그런 화살을 받게 되는지 잘 모르겠고요 비타민나 영양제도 사실 평생 드시는 분들 많잖아요 이렇게 도움이 되고 불편한게 없으면 당연히 그냥 매일 먹는게 맞다라고 말씀을 드립니다 저는 오히려 처음부터 오래 복용하셔야 될 약이다라고 하면서 초반부터이 약물치료에 대해서 거부감 드시는 부분 있냐 있으시면 얘기해 달라라고 이렇게 질문을 드리는 편이고요 그래서 좀 충분히 그 약물치료에 장단점에 대해서 이야기를 나누고 부작용이 있으면 또 그때그때 꼭 이야기 해달라고 당부를 드리고 합니다 아무래도 오래 복용해야 될 약이니까 부작용이 없어야 되니까요 당연히 안 되시면서 잘 지내실 수 있게 되면 그게 베스트고 그게 저희 정신과 의사들의 가장 바라는 지점입니다 솔직히 계속 환자 오게 만들어서 약하는게 목표 아니냐라는 댓글 종종 달리는데 이게 한 분 한 분 완치시켜서 떠나보낼 때 진짜 감사하다는 말을 듣게 될 때 그때 그 성취감과 뿌듯함은 정말 비교할 수 없이 크거든요 내 안경 꿔보셨으니까 그런 거 같은데 그런데도 불구하고 저희도 그냥 어쩔 수 없이 평생 드시자라고 말씀드릴 땐 진짜 안타깝고 인지상정이죠 죄송하고 그렇습니다 그런데 참 안타깝지만 동시에 질병을 진정으로 극복하는 다음 단계로 넘어가기 위해서는 받아들일 건 받아들여야 된다고 말씀을 드리거든요 약을 먹냐 안 먹냐 내가 계속 약 먹는 사람이냐이 문제에 매달리는게 아니라 어떻게든 나를 괴롭히는 증상 없이 질병에 대해서 신경 안 쓰고 잘 지내느냐 이게 우리 삶에 더 중요한 문제 아닐까 싶습니다 약이라는 거 자체에 너무 메이지 않았으면 좋겠다 약은 사실은 우리가 잘 지낼 수 있도록 도와주는 하나의 도구일 뿐이니까요 너무 어렵게 생각하지 마시고 필요한만큼 내가 도움 받겠다 이렇게 좀 마음을 바꿔 보시면 어떨까요 오늘 영상 조금이라도 재밌고 유익 하셨다면 구독네 좋아요 댓글쓰기 알림 설정까지 꼭 부탁드립니다 감사합니다 [음악]
https://www.youtube.com/watch?v=AOqFAHbJARE,AOqFAHbJARE,"정신과 약의 중독성은 OO과 OO 사이? (항불안제, 항우울제, ADHD약)",정신과의사 뇌부자들,안녕하세요 내부자들입니다 안녕하세요 네 지난번에 황보라 이제 안정제 관련된 부작용 영상 보셨나요 오늘 이야기할 주제는 정신과 약물 중독입니다 정신과에서 쓰는 약하면 의존성 중독 먼저 많이 떠올리시지 않나요 맞습니다 이런 얘기 정말 많이 듣게 되는데요이 약 중독되는 거 아니에요 약 한 번 먹으면 중독돼서 못 끊는 거 아니에요 이런 얘기들이요 그래서 지금부터 중독이 뭔지 정말 정식 가격은 얼마나 중독이 되는지 그리고이 중독 때문에 얼마나 정말 약을 못 끊거나 문제가 될 수 있는지 말씀을 드려보도록 하겠습니다 원자의 중독이 중독이라는 말을 좀 쉽게 사용을 하는데 중독은 내성 금단 갈망이 있어야 중독이라고 할 수가 있어요 우선 금단을 말씀드려보자면이 금단은 일정 기간 일정 약물을 지속적으로 사용을 하다가 갑자기 중단한 경우에 발생하는 그 증상을 말합니다 약 안 먹었더니 너무 힘들었어요 잠도 하나도 못 자고 몸도 떨리고 어지러워요 이거 약 때문에 그런 거 맞나요 이런 말씀을 듣는 경우들이 있는데 이런 경우가 금단 증상일 수 있는 거죠 근데 사실이 금단이라는 거는 꼭 약이 아니더라도 술이나 커피나 뭐 탄수화물 같은 여러가지 물질에서도 발생할 수 있습니다 맞아요 커피 매일 마시다가 안 마시면 머리가 무겁고 아프고 졸리고 피곤하잖아요 이런게 대표적인 카페인 금단 증상이고 담배도 이제 계속 피우다가 끊게 되면 예민해지고 잠이 안 오고 막 입맛이 당기고 이런 니코틴 금단 증상이 나타날 수가 있습니다이 정신건강의학과에서 사용하는 약 중에는 안정제 수면제 외에 항월제도 이런 분단지상이 나타날 수 있고 뭐 adhd에서 사용하는 그런 약들도 금단 증상이 나타날 수 있어요 두 번째 요소는 내성입니다이 내성이란 같은 양을 사용해도 몸에서 저항성이 생겨서 효과가 전보다 부족해지는 걸 말하는데요 전에는 약 안정제 하나만 먹어도 잠이 잘 왔는데 요즘에는 두 알씩 먹어도 잠이 안 와요 하는 경우에 이렇게 내성이 생겼다라고 볼 수 있겠죠이 대성은 안정제의 수면제 등에서 생길 수 있어서 조심해야 하는게 맞습니다 그런데 내성이 걱정된다면 오히려 규칙적으로 정량만 복용하는 것이 필요해요 갑자기 안 먹었다가 잠이 안 온다고 불안하다고 한꺼번에 많은 양을 복용하게 되면 오히려 내성이 더 잘 생길 수 있고요 또 술과 흥분한 자는이 작용하는 기전이 비슷하거든요 그래서 같이 이제 사용을 하게 되면 교차 내성이라는 것이 있어서 수레도 항불안자에도 좀 내성이 잘 생길 수가 있습니다 그런데이 함부로 내성 관련된 연구들을 보면 형부한테 효과에 대한 내성은 없다 효과가 그냥 지속된다는 광고도 있어요 황불안자의 부작용인 진정 작용이나 혹은 운동 반응 속도가 느려지는 이런 작용 같은 경우에는 내성이 생기긴 하지만 효과는 계속 간다는 거죠 그러니까 부작용은 줄어드는데 효과는 계속 간다라고 하면 뭐 장점이 있는 거 아니에요 그리고 이제이 중독 의존을 정의할 때 있어야 하는 마지막 요소는 갈망인데요 갈망은 무언가를 하고 싶은 강렬한 욕망을 이야기합니다이 약물에 있어서 갈망은 섭취하는 것을 통제하기 어려운 욕구를 뜻하는데 약물 자체가 주는 보상이 너무 크거나 금단 증상이 크면 갈망을 하게 되는 거죠 술을 예로 들자면 술 마시고 기분이 좋아지고 마음이 편해지는 걸 크게 느꼈다고 하면은 계속해서 술 생각이 날 수밖에 없을 거고요 반대로 술을 안 마셨을 때 잠이 안 오고 괜히 불안하고 힘든 마음이 크다면 이때도 술 생각이 많이 나겠죠 이런 것들을 갈망이라고 하는 거죠 이런 것들이 결국에는 단시간에 효과를 크게 볼 수 있는 약이다라고 하면은 갈망이 크게 생길 수가 있는데 한글은 이제 수면제 각성제 같은 경우에 갈망을 주의를 해야 될 거고요 그러면서 항우활제 생각을 해보면 항우재는 약을 먹어도 먹은지 모르겠다 효과를 보는데 시간이 좀 걸리거든요 그런만큼 뭐 금단 증상이 있긴 하지만 갈망이 있어서는 안전한 편입니다 그래서 의존성 중독에 대해서 저희가 말씀을 드렸는데 이게 정말 어느 정도로 중독성이 강한지 표를 보면서 좀 설명을 드리도록 하겠습니다이 표는이 미국에서 오남형 위험성이 얼마나 되는지를 약물 별로 좀 분류를 해 놓은 그런 표입니다 da 스케줄이라고 하는데 da 스케줄 원 같은 경우에는 위험성이 너무 높아서 약을 아예 사용을 못하는 그런 약이고 뭐 헤로인이나 LSD 이런 약이 포함이 되어 있습니다 스케줄2는 아니면 위험성이 높지만 이제 아주 증상이 심할 때는 사용을 할 수 있는 그런 약이고요 마약성 진통제라든지 특이할 만한 점으로 adhd 약인데 우리나라에서는 인증이 되어 있지 않은 되어 있어요 설명을 보면 비교적 안정적인 안전한 약물이다라고 되어 있습니다네 그러니까 어떻게 보면은 뭐 나눔 가능성이 없지는 않지만 상대적으로 이제 제시된 여러 가지 약들에 비해서는 조금 낮은 편이다라고 볼 수 있는 거죠 그리고 우리나라의이 마약류 관리에 관한 법률에서도 클로나 재판을 비롯해서 주요 변조다이아제핀 약물이 라모 계속합니다이 라목이란 오나면 가능성이 있긴 있지만 높지는 않다라고 평가가 되는 그런 항목들이죠 그리고 유럽이나 아시아의 대부분의 국가들도 비슷한데요 근데 그럼에도 불구하고 벤조다이아제핀의 남용과 의존에 대한 논란이 지금까지 계속 지속되고 있는 건 사실입니다 실제로 정신과 의사들이나 아니면 다른 이제 전문가들이 어떤 의존성을 어떻게 평가하고 있는지에 대한 표가 여기 또 있어요 이건 이제 그 저명 의학전을 중 하나인 란셋의 실린 표인데요이 세로선은 정신과 의사들이 보는 의존성이고요 가로선은 약리학자나 법의학자 다른과 의사들 그런 전문가들이 보는 의존성 정도입니다 보면 좋으실게 3번 술 7번 항불안센데요 정신과 의사들이 볼 때는 술이 안정제보다 훨씬 의존성이 높은 것으로 좀 봤구요 다른 전문가들은 이제 작지만 술이 더 의존성이 높은 것으로 좀 동일하게 보긴 봤습니다 또 10번 담배와 비교하면 담배에 비해서는 항불안자의존성이 좀 더 높은 것으로 이렇게 평가를 하거든요 그러니까 항불안자의 일종성은 보통 전문가들이 보기에 담배보다는 조금 더 높고 술보다 낮다 좀 이렇게 생각을 하시면 좋을 것 같아요 예 지금까지 이제 벤조다이아제핀의 어떤 남용 가능성에 대해서 설명을 드리고 있는데 저희가 반복적으로 말씀드리는 것처럼 의견이 좀 갈리는 부분들이 있습니다 있습니다 그래서 위험성이 있다라고 보는 쪽의 의견들을 말씀을 드리면요 일단 뭐 dsm이라고 해서 저희 정신과 의사들이 사용하는 진단 편람 자체에서이 벤조다이아제핀 사용 장애를 정의하고 있죠 그렇기 때문에 어느 정도 이제 남용에 가능성이 있고 이로 인해서 질병으로 이어질 수 있다라고 보는 견해가 있는 거고요 그리고 약을 사용할 때도 어떤 이득은 분명히 있지만 남용 가능성이 분명히 있기 때문에 입주에서 4주 정도 단기 사용을 해야 된다고 보는 의견도 있습니다 미국 fda에 지침을 보면은이 변조계열 약물을 4개월 이상 장기 사용하는 걸 권장하지 않고 있는데요 장기 사용 시에 효능에 대한 근거가 부족하면서 내성 및 의존의 위험이 높기 때문이다라는 거죠 그렇지만 또 반대 의견도 있죠 아 맞아요 공황장애 같은 어떤 불안장애에서 벤조다이스 핑계열 약을 장기간 사용을 하더라도 어떤 뭐 내성이 잘 생기지 않기 때문에 그냥 이득이 더 크다라는 연구도 있어요 그리고 또이 약을 남용을 하는 걸 좀 봤더니 이게 아예 처음부터이 약을 남용을 한 건지 아님 다른 약을 사용을 하다이 약을 남용을 하게 되는 건지 이런 거에 대한 연구도 아직 명확치 않다는 거죠 그렇다 보니까 아직 그 의견들이 하나로 딱 수렴이 되지 않고 좀 분분한 것 같습니다 그 연구가 하나 있는데요 미국 정신의학회의 주관으로이 벤조다이저핀의 위험성에 대한 어떤 문헌들을 검토를 한 결과 벤조 자체가 강력한 강화 약물은 아니다라는 또 결론은 얻었다라고 합니다 플러스 설명을 하자면이 벤조다이아 잡힌 자체가 남용의 일차적인 타깃일 가능성은 적다라는 거죠 그래서 실제로 보면은이 벤조의 남용은 처방받은 환자분들보다 어떤 알코올이나 비오이드 같은 다른 물질을 이미 남용하시고 계시는 분들이이 벤조를 접했을 때 남용이 일어나게 되는 그런 케이스들이 더 많다라고 해요 그러니까 그 의존 성향이 없으신 분인데이 벤조다이스핑계열 약물을 받았다고 하더라도 여기에 남용되는 경우는 거의 없다 그리고 하나 더 말씀드리고 싶은게이 내성이나 금단 같은 의존성이 있다고 있어서 약을 못 끊는게 아니다라는 말씀을 꼭 드리고 싶어요 천천히 줄여 나가면 분명히 끊을 수 있고요 의존성이 없는 다른 약물로 대체를 했다가 그 약을 줄여 나가는 방식으로 저희가 조절을 하기도 합니다이 내성이나 금단 증상으로 인해서 힘들어 하시는 분들 분명히 많이 계신 거 저희가 알고 있습니다 고통스러운이 금단 증상을 경험하시고 난 다음에 약을 평생 못 끊을 것 같다는 걱정을 하시고요 이럴 줄 알았다면 처음부터 약을 시작을 안 했다라는 이야기도 듣게 되는데 사실 근데 약을 처음 드실 때를 떠올려 보시면은 분명히 불안이나 불면 뭐 기타 다른 불편감들 때문에 일상생활이 너무너무 힘든 상태였고 그렇기 때문에 약물치료를 시작을 했었잖아요 그리고 그 부분에 도움을 받으셨다는 것을 한번 상기를 해보시면 좋을 것 같습니다 뭐 황불안자나 각성제 항우재 이런 여러 정신건강의학과에서 사용하는 약이 무조건 안전하다라고 말씀을 드리는게 아닙니다 다만 어 이건 무조건 부작용이 많고 무조건 의존이 되니까 처음부터 약을 쓰지 말아야 된다 아니 먹는 약 당장 끊어야 된다 라는 의견도 과학적인 근거가 없는 주장입니다 저희 유튜브 댓글에서 자주 봅니다 저희 정신건강의학과 의사들도이 위험성을 인지하고 조심해서 사용을 하거든요 근데 이게 이미 불안이 높아진 상태에서는 어떤 사소한 자극들도 더 엄청 큰 걱정으로 받아들일 수밖에 없어요이 과장되고 근거 없는 억측 때문에 불안을 더 키우지는 않으셨으면 하는 바람입니다네 한 번 더 정리하자면이 항브런치 계열 벤조디아제핀 계열의 약물들은 남용의 가능성이 없는 건 아니지만 생각보다 좀 작고 그리고 그 자체가 일차적으로 남용해 어떤 타겟이 되는게 아니라 다른 어떤 약물이나 기타 물질들을 남용하고 계신 분들이 이걸 접했을 때 남용으로 이어지는 경우가 더 많다라는 거니까요 우려하는 것만큼 남용 의존의 가능성이 크지 않다라는 걸 한 번 더 인지하시면 참 좋을 것 같습니다 오늘 영상 조금이라도 재밌고 유익하셨다면 구독네 좋아요 댓글쓰기 알림 설정까지 꼭 부탁드립니다 감사합니다 [음악]
https://www.youtube.com/watch?v=lHY5yScpfE4,lHY5yScpfE4,정신과에서 이럴 때는 약 못 써요!,정신과의사 뇌부자들,구글에서 출시한 AI 챗봇인 바드에게 정신과에서 약물치료가 권유되지 않는 경우는이라고 질문을 했더니 다음과 같이 조금은 당황스러운 결과가 나왔습니다 정신과의 대표적인 질환들이죠 네 안녕하세요 내부자들입니다 안녕하세요 이 정신과 치료에서 약물치료를 빼놓고 이야기하기는 쉽지 않은데요 오늘은 약물치료가 우선적으로 고려되지 않는 케이스들에 대해서 말씀을 드려 보려고 합니다네 저희가이 컨텐츠를 준비하면서 구글에서 출시한 AI 챗봇인 바드에게 좀 질문을 던져봤어요 정신과에서 약물치료가 권유되지 않는 경우는이라고 질문을 했더니 다음과 같이 조금은 당황스러운 결과가 나왔습니다 정신과의 대표적인 질환들이죠 조금은 당혹스럽고 배신감도 느꼈는데요 브린텔릭스 작용기전 알려 줘 저는 막 의학적인 정보는 뭐 아직 부족하다는 식으로 막 이렇게 답변이 나오더라고 얘가 자기 한계를 순순히 인정하는구나라고 생각을 했었는데 저희가 더 열심히 해야 될 것 같습니다 아무튼 저희가 방금 보여드린이 답변은 사실이 아니라는 말씀을 꼭 드리고요 저희 내부자들이 오늘 정확한 정보를 한번 전달 드려 보도록 하겠습니다 그때 사실 저희가 가장 자주 이렇게 맞닥뜨리게 되는 케이스는 임신이라고 할 수 있겠습니다 약물치료가 권유되지 않는 대표적인 케이스죠 미국 fda에서는 그동안 약물이 이제 임신시에 태아에 미치는 위험성을 다섯 가지 카테고리로 분류를 해왔어요 2015년 이후로는이 카테고리 말고 새로운 라벨링 방식을 채택하고 있는데 그래도 과거 데이터 이거 무시할 수 없고 그럼 여전히 이거 많이 의존합니다 딱 보시면은 abcdx라는 다섯 가지 카테고리가 있는데 그걸 간단하게 설명을 드려볼게요 a는 인간 대상 연구에서 안정성이 확립된 경우 b는 동물 실험을 통해서 안정성이 확립된 경우 c는 위험성을 배제할 수 없는 경우 d는 태아에게 미치는 위험성들이 확인된 경우 x는 절대 사용하면 안 되는 경우입니다 a가 제일 안전하고 x는 안 되는 거겠죠 그래서 의사가 보통 임산부에게 편하게 사용할 수 있는 약물은 a 밖에 없습니다 편하게 사용할 수 있는 건요 예를 들자면 엽산 엽산을 필수적으로 먹 [음악] [음악] [음악] 전공의 때 봤던 환자분인데이 강박으로 계속 치료를 받다가 이제 임신 때 약을 중단을 하신 분이었거든요 근데 정말 잘 버텨 오시다가 이제 임신 말기가 되면서 스트레스도 많아지고 몸도 힘들어지고 하니까 불안이 확 좀 심해지셨어요 그래서 나를 어떻게 할지도 모를 것 같다라고 이렇게 호소를 하셔서 입원을 하셨습니다 근데 입원을 해도 약을 쓰기가 좀 어렵잖아요 그러다 보니까 계속 출산 때까지 입원을 유지하면서 최대한 안정적인 환경에서 상담만 진행했던 그런 기억이 있습니다 너무 증상이 심할 때 그래서 본인이나 태아에 위협이 되겠다 이거는 정말 목숨이 위험할 수 있겠다 싶을 때는 전기충격 치료도 고려를 합니다 오히려 그 경우가 이제 태아에게 더 안전한데 근데 역시 이거 마취를 해야 되고 되게 부담스러운 일이잖아요 그래서 이런 가능성이 있다라고 얘기를 꺼내도 당연히 대부분은 그래도 약 없이 전기충격 치료 없이 버텨보겠다라고 말씀하시는 경우가 많습니다 저희가 흔히 보 이제 외래에서 치료하다가 계획이 없던 임신이 확인되서 되게 놀라서 오시는 경우들이 있어요 정말 놀라시죠 나 이미 약 먹었는데 어쩌냐 이렇게 놀라신 경우들이 있는데 그래도 다행인 건 임신 극초기에는 오히려 태화 모체 간의 연결이 되지 않은 상태이기 때문에 약의 영향을 더 배제할 수 있다고요 그래서 치료 중에 임신이 되면 어떻게 하나라는 분들 굉장히 많으신데 너무 걱정하지 말고 그냥 최대한 빨리 이제 담당 선생님한테 알려서 조치를 받으시면 아무 문제가 없다 그때부터 이제 중단해 나가는 건데 이거를 또 복잡해질 것 같고 너무 놀라서 자이로 그냥 한 번에 확 끊어 버리시면 오히려 약이 여러 개 있거나 용량이 높을 때는 특히나 그 금단 증상 때문에 힘들어하는게 본인과 태아에게 안 좋은 영향을 미칠 수 있어요 그래서 저희도 임신이 확인되면 바로 끊어 버리는게 아니라 최대한 빠르게 이렇게 감량을 스무스하게 하면서 끊습니다 단계적으로 줄인다는 겁니다 약물치료가 우선적으로 고려되지 않는 케이스 두 번째는요이 심한 신체질환을 가지고 있는 경우입니다 신체 컨디션이 너무 좋지 않은 경우에는 약을 사용하는데 신중할 수밖에 없겠죠 우리가 알고 있는 거의 모든 약들이 간이나 신장을 통해서 대사대서 분해가 돼서 문 밖으로 배출이 된다라고 보시면 되는데요이 간이나 신장 기능이 너무 좋지 않은 경우에는 약물의 존재 자체가 장기에 부담이 돼서 데미지를 주는 경우가 있습니다 그리고 약이 제대로 분해가 되지 못해서 배출이 되지 못하기 때문에 몸 안에 축적이 되고 이로 인해서 부작용 위험성이 증가하는 경우가 있습니다 이제 뭐 말기 암을 가지신 분들 또는 이제 간 경변이나 심부전증 때문에 투석을 받으시는 이런 분들이 여기에 해당이 되겠죠 물론 이런 분들의 케이스에서도 약을 절대 쓸 수 없다는 아니지만 이렇게 좀 중증도가 높으신 신체질환이 있는 분들께서는 최대한 저희가 가급적 투여되는 양을 최소화하거나 안 쓰려고 노력을 하는 편입니다 심장 문제를 가진 경우도 마찬가지예요 일부 약물이 심장박동에 저의 영향 줄기도 하고요 부정맥과 같은 문제를 만들 수도 있고 혈압 올리는 약도 솔직히 많습니다 그래서 심장에 무리주기도 하기 때문에 근데 물론 일반적인 경우에는 별다른 문제가 없는데 심장이 지병이 있는 경우 그 특히 거기서 기능상에 문제가 있는 경우에는 좀 사용하는데 어려움이 있기 때문에 이런 경우에는 저희가 좀 여러 가지 문제를 고려하면서 쓰게 되고요 저희가 이런 것들을 그냥 아 그러면 이때 요거 써볼까 이런 식으로 하는게 아니라 당연히 전 세계적인 데이터를 가지고 심장 기능이 떨어진 사람에게는 비교적 안전한 약 더 위험한 약 중간 정도의 약으로 다 클래스가 통계적으로 나눠져 있기 때문에 그런 점들을 고려해서 약물을 선택하게 됩니다 그럼에도 이제 약을 쓰기 어려운 경우가 분명히 존재를 하는데요 저는 이제 대학병원에 근무를 할 때이 선천성 심기영을 가진 친구가 온 적이 있었어요 제가 어린 아이였는데 심장 기능이 이제이 기형 때문에 제대로 좀 회복이 안 돼 가지고 계속해서 소아심장과에서 치료를 받고 있는 상태였거든요 근데 이제 저희과적으로는 adh로 진단이 돼서 여기에 대한 개입이 좀 필요한 상황이었습니다 이제 adhd의 주 약물인 메틸 팬이 데이트라든지 이제 아토목 세팅 같은 약들이 둘 다 이제 심장 문제가 있고 그것 때문에 굉장히 떨어진 경우에는 사용하기 어렵다라고 명시가 되어 있거든요 그래서이 케이스에서는 약물을 쓰지 말자라고 설명을 드리고 뉴로피드백이나 이제 놀이치료 같은 부수적인 치료만 권유를 드렸던 기억이납니다 다음으로는 이제 나이가 너무 적거나 너무 많은 경우는 좀 쓰기가 그래요이 경우에도 신체 기능이 완전하지 않기 때문에 약을 사용하기 어려운데 저 같은 경우 성인만 보지만 동훈이는 말도 아직 못하는 아이들도 집을 보는 걸로 알고 있어요 굉장히 어린 친구들이 오는 경우가 있어요 가장 어리게는 8개월 10개월 이런 아이들도 있었고 18에서 24개월 사이 친구들은 흔하게 보는 편이죠 저도 좀 당황스러운데요 보통 그런 친구들은 이제 발달 지연을 가지고 오는 경우들이 많아요 그래서 자폐 가능성이나 지적장애 가능성을 감별을 하기 위해서 오는데 사실 그렇게 어리면 뭐 이렇게 해줄 수 있는 것들이 많지는 않죠 좀 더 기다려 보자라고 하는 경우들이 많습니다 근데 그렇게 아주 어린 아이들 중에서도 이제 약물 사용을 고려하게 되는 경우가 정말 드물지만 [음악] 밤새 거의 잠을 못 자는 그런 경우도 있고요 감정 조절이 안 되는데이 안 되는 걸 넘어서 스스로를 계속 때리거나 머리를 어딘가로 계속 부딪히거나 위험한 행동을 하게 되면은이 자체가 아이한테 큰 손상이 될 수 있기 때문에 약물 사용을 고려를 하게 됩니다 근데 제 이렇게 어린아이들은 신체기관이 완전하지 않다 보니까 아무래도 이제 소량의 약에도 굉장히 민감하게 반응할 수 있고 좀 치명적인 부작용을 겪을 가능성은 생각을 하게 돼요 예를 들어서 저희가 이제 진정을 시킨 목적으로 잠을 좀 재울 목적으로 클로한 재판 같은 벤조 계통의 약들을 사용을 하잖아요 근데 그럴 때 이제 호흡근이 마비되는 그런 부작용을 저희가 항상 염두에 두게 되는데 실제로는 이제 거의 그런 케이스가 없죠 하지만이 정도로 나이가 어리고 또 이런 문제들을 가진 아이들 중에서 유전 질환 염색체질환 같은 것들을 가진 아이들 같은 경우에는 그 부분에 문제가 있을 수도 있기 때문에 이런 생각을 안 할 수가 없습니다 그래서 이런 애들한테는 제 약을 사용하는 대신에 아이가 다치지 않 이렇게 환경을 좀 바꿔보자 아니면 이제 양육방식 같은 것들을 좀 들여다보고 조언을 드리는 선으로만 개입을 하게 되죠네 연세가 아주 많으신 노인분들도 저도 가끔 이제 진료실에서 뵙게 되는데 약을 사용할 때 굉장히 주의합니다 아까 저희 말씀드린 것처럼 콩팥이나 간 심장 기능들이 많이 떨어져 있는 경우가 많고요 그러면은 우리 몸에 들어온 약을 잘 씻어내지 못해서네 이게 계속 쌓이게 되는 경우가 있고 또 기존에 가지고 있는 여러 지병들과 겹치면서 부작용을 더 심하게 겪게 되는 경우가 있기 때문에 약을 최대한 안 쓰려고 저희도 노력을 하고요 약물을 사용하더라도 아주 소량부터 시작을 하고 가급적 용량을 좀 늘리지 않는 쪽으로 가려고 합니다 마지막으로 이제 정신과 질환 중에서도 약물치료가 우선시 되지 않는 질환들이 몇 가지 있습니다 이를테면 성격장애 같은 병들이 있을 텐데요 이제 성격장애 같은 병들은 이제 예전부터 원칙적으로 장기간에 상담 치료를 해야만 해결이 된다라고 알려져왔습니다 물론 이제 부수적인 증상이나 동반 질환이 있는 경우가 굉장히 많 때문에 약을 안 쓰는 케이스는 드물 거예요 그렇지만 이제 핵심적인 문제는 어쨌든 그동안에이 사람이 해온 여러 가지 경험에 의해서 방어기제라든지 또 사고의 방식 같은 것들이 문제가 되기 때문에 이런 것들은 상담을 통해서만 개선이 될 수 있다라고 보고 있습니다 사실은 뭐 평생 동안 사람은 사고방식이나 행동 패턴 같은 것들이 약을 먹는 것만으로 해결이 된다면 조금 허무한 일이 아닐까라는 생각도 들기도 해요 이게 저는 정신과 의사고 저희가 그렇게 약의 중요성에 대해서 자주 말하는 사람들인데도 불구하고 사람인 이상 약 없이 해보고 싶은데라는 마음이 드는게 사실입니다 약 없이 해보면 뭔가 좀 더 우리도 깨끗한 느낌이 들고 더 잘해낸 느낌도 있고 그분에게도 좋은 일 것 같은 느낌이 드는데 항상 느낌이 사실인 건 아니거든요 우리 예를 들면 우리가 운동할 때 우리 운동만으로 우리의 노력만으로 뭐 잘해내면 좋겠지만 사실 단백질가루도 좀 적당히 타 먹고 이러면 적절하네요 뭔가 좀 잘 되잖아요 상담을 할 때도 상담만으로 잘 되는 경우도 있지만 보면 뭔가 약이 도움을 주는 경우도 있어요 분명히 약을 먹으면서 감정 조절도 조금 더 잘 되고 충동 조절도 조금 더 잘 돼서 그냥 똑같은 상황에서도 좀 더 차분하게 다르게 대처할 수 있으면서 자기 이미지를 좀 개선해 나갈 수도 있고 또 경우에 따라서는 전두엽 기능을 좀 활성화 시켜 주면서 본인 스스로 마음속을 들여다보는 능력이 예전에는 잘 안되던게 어느 순간부터 되는 경우도 있고 이러면은 우리가 원하는 그런 변화들을 더 빠르게 유발할 수 있거든요 그래서 뭐 저희도 약 없이 그냥 탁 잘 해보고 우리만 능력만으로 해냈다 이런 느낌을 받고 싶을 때도 있지만 중요한 건 그게 아니잖아요 중요한 거는 하루 빨리 더 많이 그런 좋은 변화를 이끌어내는 거기 때문에 두 개를 적당히 잘 사용하면 제일 좋은 거 같긴 합니다 일부 불안장애의 경우에도 이제 인지행동 치료 같은 비약물적인 치료가 좀 더 우선 된다고 알려져 있습니다 선택적 한 것 중 사회공포증 이런 병들이라고 하는데요인지 운동 치료 간단하게만 말씀드리자면 불안을 야기하는 어떤 잘못된 믿음에 대해서 개입을 해서 교정을 하고요이 환자분들이 두려워하는 상황에 점차적으로 노출을 시켜서 실제로는 불안이 그냥 자연스럽게 가라앉고 다룰 만한 것이다라는 것을 체감하도록 하는게 핵심인 치료법입니다 사실 굉장히 중요한 치료고 어떻게 보면은 이제 불안해 핵심을 찌르는 치료다라고 할 수 있겠는데 뭐 연구에 따르면 인재행동 치료를 단독으로 시행했을 때 약물치료와 비슷하거나 그 이상의 효과가 확인됐다라고 합니다 저 이론적으로 분명히 그럴 것 같아요 말씀하신 것처럼 아 내가 이렇게 불안해하던게 그냥 이렇게 스스로 지나갈 수 있구나 이렇게 두려워할게 아니었구나라고 깨달을 수 있으니까요 근데 이거를 또 실제 임장에서 시도를 해보면 약물 없이 잘 도전을 못 하십니다 시작 자체가 잘 안 되는 경우가 많아요 왜냐하면 그 공포의 이미 사로잡혀 있기 때문에 이성적인 사고가 잘 안 돌아가는 건데 이거 너 그냥 불안의 맨몸으로 맞서 괜찮아라고 던지는 거는 좀 잔인한 일이 될 때가 있거든요 임재경도 치료만 하려고 했을 때 환자분들이 오히려 좀 거부반응을 보이시거나 회피하 사용하시는 경우들이 많다 보니까 저희가 또 불가피하게 약을 투여해서 급한 불을 끄고 그 이후에 다시 한번 시도를 하게 되는 경우들이 생깁니다네 그래서 저희가 말씀드린게 항상 약이 최고다 이게 아니라 약이 이렇게 인지행동 치료나 상담 치료를 더 잘 해주기 위한 보조적 수단으로 좀 사용될 때도 있다 그러므로 서로 배척해야 되는 관계가 아니라 아까 말씀드린 것처럼 운동할 때 단백질 좀 많이 타서 먹잖아요 그런 것처럼 좀 사용해 보셔도 될 것 같아요 그래서 오늘은 이제 약물치료가 우선적으로 고려되지 않는 몇 가지 케이스에 대해서 말씀을 드려 봤는데요 제가 좀 얘기를 드리면서도 조심스럽게 느껴졌던 부분이 혹시이 영상을 보시는 분들 중에서 내가 요런 케이스에 해당이 되는 것 같다 그러니까 나 약물치료 말고 다른 치료 하겠다 끊겠다라고 좀 생각하시는 경우가 생길까 봐 걱정이 되기도 합니다 물론 스스로 어느 정도 판단을 하시는 건 좋지만 어떤 결정들은 반드시 전문가 선생님 치료자 선생님과 상의를 하셔서 결정을 하셨으면 좋겠다라는 말씀 을 드리면서 마무리를 하도록 하겠습니다 오늘 영상 조금이라도 재밌고 유익하셨다면 구독네 좋아요 댓글쓰기 알림 설정까지 꼭 부탁드립니다 감사합니다 [음악]
https://www.youtube.com/watch?v=ju-7gQXCrT8,ju-7gQXCrT8,항우울제를 장기 복용하면 일어나는 일,정신과의사 뇌부자들,네이버에 이제 항울제 치면은 자동 검색이 요렇게 돼요 첫 번째가 항울제 부작용 두 번째가 항울제 단약 세 번째가 항울제 살 똑같아 순위가 한국 사람들도 제일 궁금해하시는 그리고 괴로워하시는게 똑같다는 거죠 뭐 아마 이제 우리 구독자분들은 대부분 모르시겠지만 가끔씩 저희가 댓글을 달 때가 있어요 대댓글을 달 때가 있지 규영이 같은 경우는 어떨 때 좀 대댓글을 다는지 뭐 물론 이제 정말 고마운데 댓글의 댓글을 달기도 하는데 어 그지 보통은 좀 되게 화날 때 그 근거 없는 비난으로 공격할 때네 그럴 때 좀 댓글을다는 편이에요 대표적으로 뭐 좀 어떻게 기억나는 악플 있어요 뭐 이제 그 제가 먹는 모습을 보고 비난 뭐 그런 댓글도 좀 기억이 좀 나는 거 같고 그리고 뭐 많은 것들은 좀 약과 관련된 것도 많아요 너네 직접 먹어 보지 않고 어떻게 이렇게 좀 함부로 얘기를 하냐 뭐 이런 것들네 그 사실 우리한테 함부로 얘기한 거야 우리 안 먹는지 어떻게 알아 과연 안 먹을까 네 정식과 의사 안 먹는 사람 얼마나 많은지네 그렇죠네 저희 최근에 약 얘기했던 거 영상 한번 볼까요이 정식과 의사들이 솔직히 말하는 항울제 부작용 영상 여기도 댓글이 되게 많이 달렸고 이제 악플도 굉장히 많죠 요런 댓글 있네요 요거 요거 정신과약 끊기가 굉장히 힘듭니다 정말 필요하신 분들만 드세요 어유 맞는 말입니다 근데 꼭 요런 말을 붙여요 나중에는 의존하게 되고 평생 우울증 환자로 약 드시면서 살게 될 수 있습니다 우울증 약이 이 우울증을 만들어 맞죠 좀 그런 뉘앙스로 들리기도 하네요 그리고 또 아래 좀 보면 아 여기 경험자 분이 계시네요 뭐 이분 말이 정답입니다 맞습니다 그냥 안 먹고 죽어야죠 어 요런 좀 극단적인 댓글도 있고요 정식 과학은 감기약 다 마약이란 비슷하다고 생각한다 뭐 아유 참 싫죠 아 저는이 영상에 달린 댓글 중에 하나 기억나는게 있어요 쌍욕 받고 시작을 하는 거야이 영상에서 우리가 타이르라고 우리가이 부작용을 좀 비교하면서 막 얘기를 했었어요 그랬더니이 멍청이들아 이게는 바보 아니냐 누가 타이레놀을 항우 제처럼 길게 먹냐 며칠 먹고 끝이지 그리고 어떻게 뇌에 위험한 영향을 미치는 항울제 정식 과학이랑 어 타이레놀 같은 일반 감기약을 비교를 하냐 어 바보 아니야 뭐 이런 식의 댓글이 달렸습니다 어네 화나네요 지금 얘기를 들어도 내가 덥썩 물었어 댓글을 뭐라고 남겼냐겠지 길게 드시는 분들 진짜 많다 음 통증들 안드시면 지낼 수가 없으니까 매일 드시는 분들 되게 많아요 하 세 번씩네 그리고 무엇보다 타이레놀은 뇌에 작용하는 약이에요네 좀 더 공부하고 와서 댓글을 달아라 이멍청아 저 역시 이렇게 달았더니네 제가이 스크린샷을 남기기 전에 댓글을 삭제하고셨어요 아 싹 하셨군요네 너무 통했습니다 그거 이제 남겨 가지고 박제 시켜야 되는데 그러니까 예 저희가 이렇게 속좁은 사람들이에요 말이 좀 많이 샜는데 댓글들을 보면 많이 걱정하시는게 이제 장기복용 시의 부작용이 황불 한자도 그렇지만이 항우 제도 좀 오래 먹었을 때 어 몸에 어떤 문제가 생기는 거 아닌가네 정신적으로도 어떤 문제가 생길 수 있는 거 아닌가 이런 걱정을 많이 하십니다 오늘 한번 그러면은 장기 복용시에 부작용이 뭐가 있는지 저희가 준비를 해봤습니다네 여기 보시면은 최소 3년에서 15년 가까이 이렇게 항울제를 복용하신 그런 분들이 어떤 부음 부용이 있는지 조사 논문이 요거 보면은 73.5% 가장 많은 부작용을 호소한게 금단 증상입니다 그리고 그다음 번은 이제 요것도 70% 정도 되는데 성기능 성적인 부작용 요걸 많이 또 호소하셨고 그다음으로는 체중 증가 그리고 그다음으로는 뭐 굉장히 좀 감정이 둔화된다는 잘 못 느끼게 되는 이런 어떤 감정적인 부분의 부작용 그고 마지막으로는 어떤 의존 심리적으로 의존하게 되는 느낌 내가 어 내가 중독된 거 같은데 라 느낌이 한 43% 나왔다고 해요 근데 아마 이전 영상 보신 분들은 좀 아실 수 있을 텐데 그니까 단기 복용이나 장기 복용이나 부작용 목록이 크게 차이가 없고요 예 순위도 거의 비슷한데이 항울제 금단 증상은 저희 임상 경력이 쌓이면 쌓일수록 그리고 저희 많은 분들이 댓글 달아주시면 달아 주실수록 이게 정말 더 흔하 그나라는 걸 느끼고 갑니다 저희 뭐 전공의 때 이렇게 배울 때만 해도 뭐 한불 한재의 금단 증상네 뭐이 수리랑 좀 비슷하다 이렇게 많이 좀 배웠었는데 상대적으로 항울제 부작용은 좀 무시를 했었거든요 맞아 그런 거 별로 그니까 항울제 자체가 중독성이 없으니까 금단도 없다라는 뉘앙스로 우리는 사실 배웠었고 그래서 응급실에 이게 되게 힘들어서 오신 환자분도 제가 이렇게 스마트한 진료를 못 해 드렸던 거 같아요 이럴 리가 없는데 어 이런 식에네 그때 생각하면 좀 부끄럽기도 한데 지금 확실히 좀 많이 경험을 하고요 그거는 이제 물제 줄이거나 끊거나 아니면 못 드셔서 좀 그렇게 나네 는 증상이다 설명을 좀 드리고 있습니다 장기 복용 하시던 분이 예를 들어 어디 출장 가는데 모르고 놓고 갔다 혹은 출근했는데 모르고 놓고 와버렸다 회사에서 먹는데 이럴 경우에 갑작스럽게 이제 머리가 어지럽거나 뭐 두통이 오거나 아니면은 막 머리가 울리는 느낌 감각적으로 예민해지고 막 화끈화끈 거리는 이런 것들을 경험하시는 경우들이 있어요 되게 많아요 저는 뭐 저희가 사실 어떤 뭐 정식과 의사들 중에 뭐 권의 자거나 학회에서 뭐 이런 팀을 가지고 있는 사람들이 절대 아니고 그냥 일반 평 이사지만 감히 말씀드리자면 정식과 의사들도이 항울제 금단 증상의 리스크에 대해서는 환자분들게 더 적극적으로 알리고 좀 같이 해결해 나갈 필요가 있다고 생각을 해요이 고생하시는 분들 생각보다 너무 많아서 맞아요 그 이런 그 금단 증상에 대해서 좀 잘 아셔야 또 오래 약을 드실 수 있는 거 같아요 왜냐면 이렇게 금단증상을 경험하고 다시면 어 약이 이렇게 날이 힘들게 만들 수 있는 거구나 정말로 위험한 약이구나 이렇게 생각을음 많이 하시거든요 근데 이거는 정말로 그렇게 위험한 약이어서 아니라 일정 농도 있던 약이 예 농도가 갑자기 떨어지게 되면 그 일시적으로 나타날 수 있는 그런 증상일 뿐이거든요네 어쨌든 너무 힘드니까 너무 힘들어하신 분들이 있거든요 이건 이전 영상에서도 말씀드렸지만 뭐 천천히 감량하거나 반감기 긴 약으로 바꿔서 끊어 주면은 정말 999% 문제 없이 지나가는 거 같긴 합니다 그러니까 의사가 좀 주의를 기울이면 해결할 수 있는 문제라는 뜻이긴 해요네 그리고이 성적인 문제 이제 아 아쉽죠 요것도 좀 많이 말씀하시죠 저는 마침 오늘 저랑 5년 넘게 뵙고 있는 분이 있고 너무 잘 지내요 그래서 오늘 한번이 영상 준비하는 것도 있으니까 물어봤습니다 다 잘 지내신다는 말만 해서 근데 좀 약 먹으면서 불편한 건 없어요 부작용은 없어요라고 다시 한번 물어봤더니 몇 년째 성욕이 없다 아라고 얘기를 하시더라고요 그럼 끊고 싶은데 당연히 아 그분은 저랑 끝는 시도를 한 두 번 했다가 두 번 다 우울감이 너무 심해져서 어 그냥 아 나는 약을 먹고 평생 이렇게 지행게 훨씬 더 좋다라고 결정을 내리셨지만이 성적인 부분에 대해서는 너무 아쉬운 거죠 성감이 떨어지는 경우도 많아요 요거는 이제 남성이나 여성이나 둘 다 그렇게 말씀을 하시는 거 같고요 삶의 질이랑 직결된 문제니까 좀 아쉽긴 한데 또 그분에게 잘 듣는 약이 하필이면 성욕이 떨어지는 이런 약이면 아 참 해결하기도 뭐 하고 과실을 좀 계산하면서 안고 가야 되는 문제인 경우들이 있습니다 맞아요 그래서 과실 말씀을 하셨는데 안 그래도 그래서 아 요게 많이 불편하신데 약을 바꿔 볼까요라고 하시면 사실은 좀 더 이제 다른 이점네 만족감이 커서 좀 성기 성기능네 성적인 부작용을 좀 안고 가시는 경우들도 좀 있는 거 같습니다 맞아죠 또 다른 약으로 바꾼다는게 이렇게 솔직히 쉽거나 마음 편한 일은 아니잖아요 맞아요 그리고 그다음으로 이제 흔한 부작용으로는요 체중 증가 저 아 약 먹고 나니까 뭐 체중이 몇 km 늘었다 요런 댓글들이 많은데 어쨌든 이게 흔하기도 흔하지만 또 이제 체중 증가라는게 또 이차적으로음 스트레스가 많이 되잖아요 그러다 보니까 좀 힘든 그런 부작용 아닌가 싶습니다 맞아네 그리고 또한 2에서 이제 감정적으로 너무 둔해지는 거 그러니까 내가 감정 기복이 안 생기는 건 좋은데 아 감정 표현을 세게 못 하고 크게 못 느끼고 예전에는 훨씬 더 인생에 다양한 감정을 느끼면 살았던 거 같은데 좀 로봇이 된 거 같다 얘기하시는 경우들이 있죠 분명히 실제 가능한 부작용입니다 그 마지막으로는 의존 자체는 아니지만네 의존이 되는 것 같은 느낌네 어쨌든 그 이 항울제를 드시면서 효과가 좋았다면이 역시도 좀 어 끊으면 다시 돌아가는 거 아니야 이런 걱정들 하면서 심리적인 의도는 좀 될 수 있겠죠 그래서 네이버에 이제 항울제 치면은 자동 검색이 요렇게 돼요 첫 번째가 항울제 부작용 두 번째가 항울제 단약 세 번째가 항울제 살 똑같아 순위가 한국 사람들도 제일 궁금해하시는 그리고 괴로워하시는게 똑같다는 거죠 다녀갈 때 힘들고 살 때문에 힘들다 아휴 그렇죠 근데 저희 이건 는 어쨌든 아까 말씀드린 것처럼 단기 복용할 때랑 거의 뭐 부작용 목록이 비슷해요 근데 장기 복용하게 되면은 더 위험한 이야기를 하는 연구 결과들도 있습니다 예 보면은 논문마다 왔다 갔다 해요 전 세계적으로 막 예를 들어서 항울제 장기 복용 하면은 심장 혈관 질환이 리스크가 올라간다라는 사람도 있고 심장 질환 환자를 우울증 치료하면 재발율이 뚝 떨어진다 그니까 더 안전해진다는 분도 있고 어 근데 또 굉장히 많은 여러 연구들을 모아다가 좀네 크게 봤더니 이렇게 좀 충격적인 결론이 나온 논문도 있었어요 어네요 논문 보니까 이제 항울제 복용한 그룹이랑 복용하지 않은 그룹이랑 비교를 했더니 항울제 복용한 그룹에서 조기 사망률이 99% 더 높았다라는 거죠 그런데 게다가 심장 질환자들을 제외하고 비교하니까 양쪽에서 다 심장 질환자는 빼고네 다시 한번 비교를 했더니 여기서는 항울제 복용한 그룹에서 33% 높았다는 거죠 이게 좀 많이 높지 예 이렇게 높을 수가 있는 건가요 그러니까 무섭더라고요 그래서 그이 논문을 쓴 사람들은 이걸 어떻게 해석을 했냐면 항울제 이제 항울제 세로토닌을 올려주고 세로토닌 올라가면은 혈액 내에 혈소판 그리 서로 응집하는 걸 약간 막아 주거든요 그래서 피가 약간 묽어져 그래서 혈전이 생기는 걸 막아서 심근 경색 그니까 심장 혈관을 막는거나 뇌졸증 뇌혈관을 막는 리스크를 줄여서 이거는 오히려 심혈관에 좋을 수 있다 중풍도 막을 수 있다 그런데 심혈관이 건강한 우울 증 복용자의 경우에는 오히려 피를 너무 묽게 해서 미세한 출혈이 몸 여기저기 발생하는 부작용이 영향을 미친 거 아닌가라고 해석을 하기도 했습니다 그리고 또 이제 분석한 것 중에 하나는요이 항울제 어쨌든 그 뇌에 세로토닌이 흡수되는 부분을 이제 막아요 그렇다 보니까 다른 뭐 심장이나 폐나 다른 장기들에 어 역시나 세로토닌 이용하는 걸 막으면서 장기의 기능들을 어쨌든 좀 저하시키고 잘 작동하지 못하게 만드니까 또 이렇게 한 거 아니냐라고 해석을 하기도 했습니다 근데 물론 이런 논문들을 뭐 우리가 있는 그대로 또 완전 받아들이면 안 돼요 막 33% 사망률을 높여 항지 역시 먹으면 안 되네 반응이 당연히 나올 수 있는데 어 이거에 대해서 반론을 제시한 미국의 정식과 교수님은 우울증 환자분들은 보통 약 복용 이전부터 다른 신체적 질환들이 겹쳐 있는 경우들이 훨씬 더 많다 그러니까 조기 사망률이 당연히 더 높은 거 아니냐라고 얘기를 했습니다 이게 어떤 거냐면 우리가 스트레스를 받으면 스트레스 호르몬이 코 졸이 우리 몸에서 확 나오고요 그게 뇌에도 영향을 미치고 심장에도 영향을 미치고 모든 장기에 다 영향을 미칩니다 예 그래서 저희 진료실에 오시는 분들은 대다수는 혈압이랑 맥박을 체크하면 혈압 맥박 다 올라가 있고요 예 그리고 혈당도 올라가 있는 경우들이 많아요 맞아요 뭐 위험이나 위계 같은 것도 많이 잘고 맞아 수화도 다 잘 안 되시고 그러니까 장기가 다 힘든데 그중에 이제 뇌로 두드러지게 오신 건데 다른데도 멀쩡 했겠냐 얘긴 거죠 그러니까 아까 나온 거죠 처럼 어 심근 경색을 알았던 사람에게 우울증 치료를 하니까 오히려 재발율이 뚝 떨어졌다는 연구 결가 나올 수도 있는 거고요 그렇죠데 어쨌든 그 이런 결과들을 보면은 어 아직까지는이 항울제 장기적으로 복용을 했을 때 체내에서 어떻게 작용을 하는지 확실하지는 부분이 있으니까네 좀 장기 처방할 때 조심해라 그런 이제 권고를 하고 있고요 확실히 저희 정신과 의사들도 약을 쓸 때는 이제 최대한 좀 안정이 되면 빨리빨리 좀 줄여서네 최소 용량 사용을 해야겠죠 저희가 기존 영상에서도 여러 번 얘기해 왔지만 어쩔 수 없이 길게 그리고 평생 드셔야 되는 경우들이 있어요 그럼 그럴 때 그냥 관성대로 쓰던 용량 그대로 가는게 아니라 가능하면 한번 좀 더 줄여보고 예 특히 항울제 고용량으로 드시면은 아마 영상 보시는 분들 중에도 있을 텐데 몸에 여기저기 부딪히지도 않았는데 멍이 좀 들어 있거나 이런 분들이 계실 겁니다 그 경우에는 사실 우리 몸속에서 아주 미세한 출혈이 일어나고 있다는 증거이기도 하죠 그런 경우에는 약물 용량 줄이는게 가능하다면 줄이는게 좋 좋거든요 예 그래야지 이렇게 다른 장기들에 미치는 데미지도 더 줄일 수 있을 거고요네 그래서 오늘은 저희가 항울제를 장기간 복용할 때 어떤 문제들이 생기는지에 대해서 실제로 좀 대규모로 연구됐다 논문들을 가지고 이야기를 해 봤는데요 지금 말씀드린 것처럼 어쩔 수 없이 삶의 퀄리티를 위해서 그리고 우울증 재발 방지를 위해서 항울제를 장기 복용해야 되는 경우들이 어쩔 수 없이 있습니다 그래도 이럴 때 가능하면 이런 부작용 리스 를 더 줄이기 위해서 담당 의사와 같이 상의하시면 가능하면 용량을 줄여서 더 건강하게 드실 수 있으면 좋겠습니다 오늘 영상 조금이라도 재밌고 유익하셨다면 구독네 좋아요 댓글쓰기 알림 설정까지네 꼭 부탁드립니다 감사합니다 감사합니다 [음악]
https://www.youtube.com/watch?v=73lHftGTEx0,73lHftGTEx0,우울증 치료에 타이레놀이 사용된다고?,정신과의사 뇌부자들,안녕하세요 내부자들입니다 안녕하세요 네 저희가 최근 영상에서 이제 타이레놀은 뇌에 작용하는 약물이다라는 얘기를 했는데 굉장히 흥미로운 댓글이 하나 달렸습니다 타이레놀 실제로 저 애인이랑 이별하고 나서도 복용한 적 있어요 가슴 심장에서 오는 고통이 줄어들거든요라는 상당히 충격적이고 놀라운 댓글을 하나 달아주셨습니다 심적인 고통을 좀 줄여줬다 그래서 오늘 저희가 준비한 건 타이레놀이 우울감에 도움이 되는가라는 주제로 말씀을 드려 보려고 합니다 사실 좀 뜬금없는 얘기라고 생각을 하실 수 있는게 타이레는 모르는 분 없으실 거예요 전 세계에서 제일 유명한 진통제니까 근데 실제로이 타이레놀이 심리적인 고통을 줄여줬다는 연구들이 존재를 하고 있습니다네 진짜 이상한 연구 하나 있는게 아니라 오늘 동훈이가 보고 온 것만 해도 6개가 있고요 굉장히 큰 학술지에도 실리고 공통적으로 얘기하고 있습니다 대표적인게 네이션 드릴이라는 연구자가 2010년에 발표한 논문인데요 연구팀이 이제 참가자를 두 팀으로 나눠서 한 팀은 3주간 타이레놀을 다른 한 팀은 이제 위약 플라시보 가짜 약을 먹는 거죠 이럴 때이 사람들은 자기가 뭐 먹는지 모르고 연구진도 처음에 몰라요 더블 블라인드라고 하죠 이런 실험을 그리고 동시에 그날그날 이제 자기들이 사회적 상황에서 얼마나 상처를 받았는지 그 고통감을 정해진 척도 그래서 몇 점인지 이제 체크하게 한 거예요 그랬더니 처음에는 두 팀과 고통 점수의 크기가 차이가 없었어요 근데 복용 기간이 일어날수록 점점 차이가 커졌다는 거죠 타이레놀을 복용한 쪽은 처음보다 심리적 고통의 크기가 줄어들었는데 가짜 약을 복용한 쪽은 오히려 고통 점수가 올라가는 양상을 보였다고 합니다 아마 이거 매일 적다 보면은 그런 상황들의 생각을 더 많이 하고 고통에 더 민감해져서 점수가 좀 올라가지 않을까 싶어요 조금 더 의식을 많이 하게 되고 좀 더 예민해지고 이럴 수도 있겠네요 어 근데 이런 차이는 주관적으로 본인이 체크한 점수뿐만 아니라 실제로 뇌 영상을 촬영했을 때도 나타났다라고 합니다 역시 동일하게 3주간 타이레놀을 또는 위약을 복용한 그룹을 대상으로 어떤 사회적 소외감이라는 감정을 유발할 수 있는 컴퓨터 과제를 수행하게 했다고 해요 왜 뭐 그런 거 있잖아요 뭐 셋이서 공놀이를 하는데 갑자기 어느 순간 나 빼고 이제 둘이서만 공을 주고받고 있고 나는 병풍처럼 그거를 그냥 쳐다보고 있고 이제 이런 상황을 간접적으로 경험을 할 수 있도록 컴퓨터로 과제를 만든 거죠네 실제로이 심리 연구들에선 이런 식의 태스크를 많이 이용을 하는데요 보여줘도 내가 실제 거기 있는 것처럼 우리 뇌는 똑같이 느끼거든요 그래서 이걸 수행하면서 동시에 이제 fmri라는 검사를 이용해서 뇌를 촬영을 합니다이 fmri라는 거는 뇌의 부위별로 활성도를 측정할 수 있는 도구라고 생각을 하시면 되는데요 이걸 이용해서 찍어봤더니 타이레놀을 복용한 그룹에서 심리적 고통을 느낄 때 활성화되는 부위에 활성도가 더 낮았다라고 해요 간단하게 말하자면 심리적 스트레스에 대한 뇌의 반응도가 총 둔해졌다 타이론을 먹었더니 좀 둔감해졌다 이렇게 생각을 하시면 되겠습니다 상당히 놀랍죠 경계성 인격 성향을 가진 분들을 대상으로 한 연구에서도 유사한 경우가 나타난 바 있는데요 경기성 인격의 가장 큰 특징은 마음속에 타인에 대한 안정적인 이미지를 형성하지 못한다 그러니까 타인을 이제 완전히 나랑 안정적인 관계 완전히 신뢰할 수 있는 대상으로 좀 유지하지 못한다는 거죠 저 사람 언제든 떠날 수 있어라는 불안감이 있는데이 연구에서도 앞선 0과 마찬가지로 두 그룹을 나눠서 타이레놀 복용 위약 복 하고 타인에 대한 신뢰도를 측정하는 심리과제를 수행하도록 했어요 그랬더니 경계성 인격 성향이 강할수록 당연히 타인에 대한 신뢰감이 낮게 나왔거든요 근데 그 중에서 타이레놀을 복용한 사람들은 위약을 복용한 사람들에 비해서 신뢰감이 더 높았다고 합니다 유기 불안도 해결해 줬다는 거예요네 이걸 앞에 연구 한번 연관 지어서 생각을 해보면 타이레놀이 어쨌든 자극에 의한 심리적 고통을 줄여주잖아요 이렇게 동훈이랑 있을 때 얘가 하는 행동 하나하나랑 나를 바라보는 눈빛이 나한테 좀 실망한 거 같고 날 떠날 것 같고 이러면 심리적 고통이 느껴질 거 아니에요 근데 일단 이걸 차단해 줄 고통이 안 느껴지니까 어 얘가 나를 버릴 거야라는 불안도 덜 느껴서 신뢰감이 손상받는 것을 막아줬다 이렇게 해석할 수 있을 것 같죠 사실 여기까지 들으면은 감정적인 고통도 줄여주고 거기다가 타인에 대한 어떤 신뢰감까지 생기게 해주고 굉장히 명약이다라고 생각을 하실 수 있는데 단지 부정적인 감정만 줄여주는게 아니라 긍정적인 감정에 대한 반응도도 줄인다라는 연구들도 있어요 역시나 이제 비슷하게 심리과제를 이용한 연구인데요이 참가자들을 타이레놀 그룹 위약 그룹 다 이제 이런 식으로 이제 연구들이 진행이 된다고 생각이 되시면 되는데 그래서 참가자들을이 타이레놀을 복용한 그룹 그리고 위약을 복용한 그룹으로 역시 마찬가지로 나눠서 즉 기쁨 슬픔 신남 같은 이제 여러 가지 감정들을 나타내는 사진을 종류별로 보여줘요 그리고 이제이 사진이 나타내는 감정의 크기를 주관적으로 점수로 표시를 하도록 지시를 했습니다 그랬더니이 타이레놀을 복용한 그룹 쪽에 참가자들이 감정의 종류랑 상관없이 기쁨이든 슬픔이든 긍정적 부정적 감정 모두 좀 크기를 상대적으로 작게 평가를 했다라고 해요 그리고 이제 본인이 받은 감정적인 동요의 정도를 레이팅하는 그 검사에서도 좀 그 정도가 적게 보고를 했다고 합니다 그러니까 타이레놀이 감정을 좋은 감정이든 나쁜 감정이든 둘 다 덜 느끼도록 하는 진통제 같은 역할을 한 셈이다 이렇게 생각을 할 수 있을 것 같아요 그래서 아예 타이레놀은 사회적 맞취제다라는 표현을 쓴 경우도 있었어요 한 연구에서 이제 참가자들한테 감정적 공감을 불러일으킬 수 있는 이야기를 읽게 했을 때 이제 참가자들이 주관적으로 보고한 공감되는 정도 느끼는 감정의 크기를 체크했는데 거기서도 타이레놀을 복용한 그룹에서 좀 더 작았다고 합니다 결국 타인에 대한 공감이라는 건 예를 들어서 내가 우리가 영화를 보거나 이럴 때 굉장히 주인공 등장인물이 슬프고 힘든 상황에 처하면 우리도 나도 모르게 내가이 상황이라면 어떨까 자연스럽게 공감하면서 심리적 상처를 겪고 이것 때문에 더 공감하게 되는 거잖아요 근데 이때 느끼는 고통의 크기 자체가 적어지면 별로 안 힘드니까 공감의 정도도 적어질 수밖에 없다 이렇게 해석할 수 있겠습니다 그렇다면 왜 진통제로 알려진 타이레놀이 이런 식으로 감정의 영향을 미치는 그런 결과들을 나타내는 걸까가 궁금하실텐데요 사실이 타이레놀의 작용기전은 100% 밝혀지지는 않았어요 여러가지 가설들이 있는데 그 중에서 이제 제일 대표적이고 정설로 알려져 있는 건 중추신경계에서이 통증을 유발하는 프로스타글란딘이라고 하는 물질이 있습니다 근데이 물질의 생성에 관여하는 효소를 차단을 해서 이제 진통 작용 그러니까이 물질이 만들어지지 못하도록 해서 통증이 생기지 않도록 한다라는 거죠 그런데이 중추신경계에서 신체적 통증하고 심리적인 고통을 느낄 때 활성화되는 경로가 상당히 비슷하다라는게 밝혀졌어요 그러니까 쉽게 말하자면 신체적인 통증을 느낄 때나 심적으로 괴로울 때나 뇌에서는 비슷한 부위가 작동을 한다는 거죠 그래서 결국에는 타이레놀이이 부위에 작용을 하기 때문에 심적인 고통에 대해서도 효과가 있는게 아닌가라는 그런 의견이 있고요 그리고이 타이레놀은 동시에 뇌에 있는 세로토닌 수용체에도 작용을 합니다 사실 통증이랑도 많이 관련이 되어 있는데 아시다시피 이제 불안이나 우울 같은 관련성이 높은 신경전달물질이잖아요 그러니까 이제 이런 효과가 있는게 아닌가라고도 생각이 되고 있어요 아마 지금까지 보신 분들은 상당히 충격적이실 거라고 생각하고 저희도 준비하면서 대강은 알고 있었지만 와 이거 생각보다 훨씬 더 충격적이구나라고 좀 느낄 수 있었습니다 사실 타이레놀뿐 아니라 여러가지 진통 소염제들이 정신질환을 완화시킬 수 있다는 연구들도 속속 나오고 있어요 셀레콕시브라고 하는 정형외과에서 진짜 많이 쓰는 약이 있거든요 관절염에서 염증 정도로 완화시켜주는 약인데이 약이 우울증이나 조현병 같은 질병에도 도움이 되었다라는 결과들을 어렵지 않게 찾아볼 수 있습니다 지금도 연구들이 많이 진행되고 있고요 이런 연구들의 근간에는 정신질환의 발생을 신경세포의 염증 반응이다 그거에 의해서 생긴거다라는 이런 가설이 있습니다 염증 상태에서는 우리 몸의 면역체계가 반응을 하잖아요 이때 분비되는 여러가지 물질들이 우 환자들에게서는 정상인에 비해서 더 높아졌다고 합니다 그리고 염증을 유발하는 물질을 인위적으로 주입했을 때 우울증을 시사하는 행동이 늘어났다라는 동물 연구도 존재하고 있고요 그래서이 염증반응에 의해서 생성된 물질들이 어떤 우리가 전통적으로 우울증과 관련됐다라고 알려져 있는이 세로토닌 도파민 이런 것들의 활성에 영향을 줬다라고 하는 연구들도 있어요 그리고 또 항우울제에 대한 반응에 영향을 줄 가능성도 제기가 되었는데요 우리가 이제 항우울제가 보통 한 75% 정도에서 반응이 있는 걸로 알려져 있는데이 반응이 없는 25%의 우울증 환자들의 케이스를 조사를 해봤더니이 염증 반응하고 좀 관련성이 높았다는 거죠 그래서 저희가 이전 방송에서 한번 다른 적이 있는데 항울체에 반응하지 않는 케이스를 이제 치료 저항성 우울증으로 따로 분류한다고 말씀을 드렸었는데요 최근에는이 치료정성 우울증이란게 결국에는 염증성 우울증이 아니냐 그리고 염증성이 있고 비염증성 우울증이 있는게 아니냐 이런 식으로 보는 견해도 있습니다 그래서 상당히 좀 흥미로운 이론들이라 저희가 다음 기 이렇게 좀 더 자세하게 준비를 해서 한번 말씀을 드려 보도록 하겠습니다네 그렇다면 결론적으로 타이레놀을 기분을 좋게 할 목적으로 먹어도 될까라는 질문이 남는데 아무래도 답은 아직은 아니다라고 말씀드릴 수밖에 없습니다 앞에서 말씀드린 것처럼 부정적인 감정뿐만 아니라 긍정적인 감정이나 공감까지도 약화시킨다는 점에서 그렇고요 항우울 효과가 설사 있다고 하더라도 그 크기 자체가 기존의 공인되어 있는 항우울제비에서는 훨씬 작기 때문에 먹는게 이제 이득이 된다고 보기가 힘들어요 이득이 될 수는 있겠지만 사실은 또 감독성이 있는 대표적인 역할이기 때문에 글을 고려한다면 매일 먹으면 좀 무리가 될 수 있죠 사실 만약 항온 효과가 확실하게 있다고 한다면 제약회사에서 이미 먼저 알아서 다 공인받고 마케팅하고 많은 것들을 했을 거거든요 아스피린 같은게 그렇잖아요 처음에는 이제 진통제로 나왔지만 이게 항혈전 효과가 있다라고 해가지고 최근에는 그쪽으로 훨씬 더 많이 쓰이죠 이런 식으로 이제 뒤늦게 효과가 밝혀지는 경우들이 있는데 아직요 케이스 같은 경우에는 에비던스가 좀 부족하다 이래서 이제 항우울 효과를 기대하기는 좀 어렵다 이렇게 정리를 아니다 아직은 아니다네 이렇게 생각해 주시면 좋을 것 같아요 그래서 오늘은이 타이레놀이 우울감에 도움이 되는가 하는 주제로 말씀을 드려봤습니다 오늘 방송도 여러분의 궁금증을 해소하는데 작게나마 도움이 됐으면 하는 바람이고요 저희는 다음 시간에 더미로운 주제 들고 찾아오도록 하겠습니다 감사합니다 감사합니다 오늘 영상 조금이라도 재밌고 유익하셨다면 구독네 좋아요 댓글쓰기 알림 설정까지 [음악] 꼭 부탁드립니다 감사합니다 [음악]
https://www.youtube.com/watch?v=lPUCP_gLhss,lPUCP_gLhss,전쟁 때 시작된 필로폰의 원래 용도는? 흥미로운 필로폰 발명 스토리,정신과의사 뇌부자들,압도적인 유리가이 필로폰 예 메스 암페타민이란 식으로 좀 쓰였다 필로폰이 아는 이름 자체가 그리스어로 노동을 사랑한다라는 의미에 필로포누스 ES 이제 유래한 말이에요 그러니까 이제 애초에 일시키려고 스네 아 맞아 딱 예 안녕하세요 뇌부자들 안녕하세요네 오늘은요 마약 그중에서도 필로폰이 매스 암페타민을 대한 이야기를 해 볼 거예요 지난 2023 년 12월에이 대검찰청에서 발표한 마약류 월관 동양 자료에 따르면 2023년 대마 마약 향정 이런 마약류 단소 건수가 27611 건이었다 합니다 그런데 더욱 주목해야 될 부분은요이 중에서 이제 mg 세대라고 불리는 10대에서 20대가 35% 그리고 30대까지 합하면 총 55% 넘는 수치였다고 해요 근데 이제 필로폰 저희 마약이라고 하잖아요네 마약 맞나요 아 이게 참 말장난이긴 한데 네 마약은 아니죠 법률상으로는 법률상 그렇죠네 이제 법률 사항으로는 마약 유에 속해 있어요 그래서 마약 유라고 하면은 이제 마약 향 정신성 약품 대마 요렇게 나누는데 사실 사회적으로는 이걸 통틀어서 다 마약이라고 저희가 불러요 예 그러니까 저희가 좀 억울할 때도 있는 거죠 향 정신성 의약품 저희 처방하는 약인데 마약이라고 불리고 마약 류에 들어가 있으니까 근데 진짜 대표적인 마약이라고 할 수 있는 필로폰은 마약 류에는 들어가 있지만 마약에 안 들어가 있어요 좁은 의미에서 마약이라고 하면 는 앞편 류와 이제 코카 류가 해당한다고 생각을 하시면 되는데 오늘이 필로폰 메산 페타민 마약이라고 설명을 드리긴 할 거예요 엄밀이 말해서이 필로폰은 향 정신성 의약품입니다 향 정신성 의약품네 뭐죠 요거는 결국 뭐 약이죠 약 목적으로 만들어진 거고 사람의 중추신경계에 작용하는 약인데 이게 효과는 있는데 오용하거나 남용하는 경우 인체에 심각한 유해를 끼칠 수 있다는이 물질들 이것들을 이제 따로 향 정시성 약품이라는 성도 확보가 되고 의학적으로 좀 효과가 있다라고 해서 의약품으로 사용이 되는 것도 있고 안정성도 확보가 안 되고 의학적으로 효과가 없어서 이제 의약품으로 사용되지 않는 것이 있는데 필로폰이 이제 요에 해당이 되는 거죠 사용되는 거는 저희가 많이 쓰는 이제 벤조디아제핀이나 뭐 졸피뎀 그리고 메틸페니데이트 이게 흔히 콘서트라고 많이 얘기하는 저희 adhd 치료 물이죠 미국에서는 암페타민이란 약이 adhd 이제 쓰이잖아요 그러다 보니까 이름이 좀 비슷한 메스암페타민 이거 뭐 약품 아니야 이렇게 좀 운동을 하실 수도 있을 것 같아요 그럼 이제 우리나라에서 가장 많이 사용되는 마약은 뭘까요 대마 흔히들 아마 데마라 생각하실 거예요 근데 대마는 2위입니다 압도적인 위가이 필로폰 예 매스 암페타민이란 있었는데 굉장히 저한테 임팩트가 있었던 드라마가 더 글로리 있는데이 더 글로리에서 사라가 사용했던 약물도 예 바로 필로폰 있니다이 필로폰을 하게 되면요 처음 투약 당시에 했던 행동을 반복하게 되는 네 그런 증상이 있거든요 흔히들 뭐 영화에서나 이런데 보면은 필로폰을라고 성관계를 계속해서 반복하는 이런 것도 있고 아니면 이을 계속해서 반복하게 예 만드는 이런 어떤 효과도 있을 수가 있습니다네 그래서이 필로폰은 우리나라에는 일제 강점기 때 유입이 되기 시작을 했었는데요 이게 처음에 이제 만들어지게 된게 1893년에 도쿄 대학의 의학부 교수였던이 나가이 나가요시 교수가이 최초로 발견을 한 거예요 마왕에서 추출한 물질은 f 드으로 감기약을 만들어 보자라고 했던 거거든요 근데 이제 마왕 에페드린 요거 좀 어떤 물질이죠 마왕 에페드린 같은 경우에는 이제 콧물 좀 막아 주고 네맞아요 코마 효과 코 뚫어주고 그래서 코막힘 효과를 위해서 먹었는데 어 좀 각성되는 느낌을 받았다라고 하시는 분들도 있어요 맞아요 예 기본적으로게 흥분제네이 교감 신경이라서더더욱이 중력이 되게 좋아지고 각성되는 그런 효과를 발견을 한 거죠 그니까 마치 비아그라 같은 그런 느낌도 좀 비아그라도 원래는 다른 목적으로 만들다가 폐고혈압 이런 쪽 이제 치료를 하려다가 다른 쪽으로 이제 좀 더 많이 쓰이는 것처럼 그 각성 효과로 이제 타겟으로 해서 이제 상품화를 하게 됩니다 이제 일본의 제약 회사인 다이니폰 제약에서이 히로인이라 이름으로 이제 필라의 복제로 상품화를 했는데 히로인이라는 이름 자체가 그리스어로 노동을 사랑한다라는 의미에 필로포누스 ES 이제 유래한 말이 에요 그러니까 이제 애초에 일시키려고 스팀팩이네 스팀팩네 아 맞아 딱 예 그 목적인 거죠 그래서 이제 일본 군수공장에서 제약 회사가 그런 전쟁 물자를 위해서 생산을 했는데 정말로 이제 노동자들의 필로 회복 목적으로 사용을 했고요 또 이제 강제 증용량 우리나라 사람들이 필로폰 이제 투약을 받아서 이제 쉬지 않고 계속 일을네 그렇게 하기도 했다고 합니다 그리고 또 그 2차 세계대 일본에서 가미가제 예 자살 특공대도 있었잖아요 그 이제 자살 특공 하기 전에 이제 대량의 필로폰을 투여받았다라고 하 기도 하고요데 어쨌든이 시기에 필로폰은 이제 요즘에 우리가 출근하면 마시는 커피처럼 그런 식으로 좀 쓰였다 그렇게 생각을 하시면 돼요 그니까 부작용 있을 거는 생각을 못 하고 그냥 약 나온 거니까 맞아요 얼마나 각성되지고 뭐 쉬지 않고 계속 할 수 있으니까 독일에서도 비슷해요 근데 이제 독일에서 1차 세계 대전을 졌잖아요 그다음에 식민지에서 커피를 수입해 올 수가 없던 거예요 그 에너지를 이제 내야 되는데 커피가 없다 보니까 어떡하지 하면서 개발했던게이 매스 앞에 베타입니다 1937년에 이제 메사 페타민 함유된 페르비틴이라는 물질을 발명을 하게 됐어요 이때이 물질 역시도 그때는 마약으로 사용이 안 됐고요 그냥 뭐 피로 회복제 강장제 이런 식으로 쓰였던 거죠 그래서이 물질에 대해서 여러 대학에서 연구를 했는데 한 연구에서 보면은 56시간 동안 쉬지 않고 일을 해도 괜찮았다 이런 결과도 있었다고 합니다데 되게 신기하네요 그 당시에 결국 독이라고 일본에서 동시에 이게 발견이 됐다는게 그러니까 어떻게 하면 더 효율적으로 하게 만들수 수 있을까네 요런데 좀 많이 고민이 있었던 거 같죠 그래서 그때 이제 노동자 뭐 가정 주부 뭐 사업가 막 가리지 않고이 물질을 많이 사용을 했다고 합니다 근데 이제 결국에 애용을 하다가 결국 부작용이 어마어마 하잖아요 부작용 때문에 1941년에 결국이 보급이 중단이 되게 되죠 1941년에 중단했다는 건 전쟁이 제 한창일 때잖아요 그러니까 에너지가 진짜 필요했을 때인데도 불구하고 중단을 했다는 건 부작용은 진짜 감당이 안 됐나 보네 그만큼 사람을 황폐화시킬 수가 있었던 거죠 그래서 부작용 말씀을 좀 드리려고 하는데요 부작용 좀 어떤 것들이 있죠 어 저희가 배운 것도 그렇고 제가 진료보는 분들 중에서도 가끔씩 이제 만나 뵙는데 장기간 썼던 분들이 진짜 큰 문제가 오죠 막 스팀팩을 에너지를 쥐어 짠했는데 이제 카테콜라민이라고 저희가 했었나 그죠 그 원료 물질 자체가 다 떨어진 상황들네 김지영 선님 정말 잘 말씀을 해 주셨는데 우선은 약효 때문에도 힘들어요 딱 먹었을 때 이제 각성이 되는 건 좋은데 너무 지나치면 흥분해서 어떤 이제 행동 문제 분노 조절도 안 되고 충동 조절도 안 되고 이렇게 될 수가 있고요 식욕이 떨어지잖아요 그래서 식욕이 떨어지는 정도가 너무 심하니까 아무것도 안 먹어서네 막 체중이 빠지고 엄청 화나 있는 상태 엄청 흥분된 상태라고 생각하시면 될 거 같아요네 그래서 이제 약효 때문에 이런 문제가 생기다가 결국에 가장 문제는이 물질이 끊어졌을 때 김 선생님이 이야기하신 것처럼이 카테콜라민이라는 이런 뭐 도파민 시스템 계에 문제가 생길 수가 있습니다 거의 한 번 뭐 이제 접하게 되면 반영구적으로 문제가 생 생기는데이 도파민이 결국에 우리가 뭐 먹었을 때 행복해 걸 계속 먹게 되고 스킨십을 했을 때 이게 즐거워야 또 계속 스킨십을 하게 되잖아요 이런 모든 즐거움 쾌감을 전혀 못 느끼게 만듭니다 생물학적인 어떤 쾌감도 못 느끼게 하다 보니까 뭐 일에서 느껴지는 뭐 즐거움 취미에서 느껴지는 뭐 즐거움 이런 것들은 더더욱 느낄 수가 없게 되죠 맞아요 제가 뵙고 있는 환자분 중에서도 이쪽 계열 약을 몇 년 동안이 좀 자이로 통제되지 않는 약만큼 드셔 오셨는데 진짜 몇 년 지났거든요 그게 몇 년 지나는데도 불구하고 지금도 그냥 거의 하루 종일 누워서 아무것도 잘 못 한다라고 하시고 병원 오는 것도 정말 온 에너지를 끌어내서 오는 거고 저의 치료 약들을 막 다 쓰고 있어도 아 정말 이게 회복되는 건 정말 불가능에 가깝구나고 느끼고 있어요네 더 많은 필로폰 매스 암페타민을 사용하지 않는 이상에는 아무 것에서도 즐거움을 느끼지 못하게 된다 그렇게 생각을 하시면 되겠습니다 그까 굉장히 세상의 지옥같이 느껴질 수밖에 없을 것 같고요 우울하고 불안하고 다른 차 정신 질환이 생길 수밖에 없겠죠 그렇죠 그러니까 그거를 찾게 되는게 그분들 입장에서는 되게 당연한 거지만 더 사용하면은 더 지옥으로 빠져드는 거죠 그러니까 계속 뭐 너무 뻔한 얘기겠지만 시작을 안 하는 것밖에 답이 없다라고 말씀드리는게 그런데 있습니다 맞습니다네 그리고 신체적으로 눈에 띄는 변화를 많이 가져와요이 매스 마우스라고 해서 치아가 굉장히 손상되고 막 빠지고 뭐 뾰족뾰족하고 빠져 있고 막 이런 경우 말 이렇게 만들 수가 있거든 메스페타민 사용하게 되면 입이 말라요 흥분 되니까네 그다음에 이쪽에 이제 그 아주 정확하진 않지만 이쪽으로 가는 혈관들이 전체적으로 수축이 되게 되면서네 이차적으로 그런 문제가 생기기도 하고 그리고 이제 마약 중독에 빠지신 분들이 영향을 잘 신경 안 쓸 거잖아요 또 식욕 억제가 또 효과다 보니까 더 안 먹고 그러면서 이제 전체적으로 계속해서이 치아 입쪽에 문제를 주는 겁니다 지금 말씀드린 것처럼 식욕이 떨어진다는게 생각보다 큰 문제예요 많은 분들이 아 체중감량도 되고 좋다 라고 생각을 하는데 일단 먹어야지 거기 우리 호르몬이나 생활을 위한 이제 여러 가지 영향 물질들이 다 들어 있잖아요 호르몬의 원료들도 다 들어 있고 그러니까 안 먹으면은 그냥 안 만들어집니다 예 세로토닌 부족하고 도파민 부족하고 그렇게 되네 결국에 죽어요 그리고 이제 매스 버그 금단 증상 때문이었나 예 그것도 이제 금단 증상 때문인데 기본적으로이 도파민 시스템 체계에 문제가 생기는 거잖아요 도파민의 문제가 생기면 망상이나 환각 같은게 생길 수가 있죠 그래서 이제 일시적으로 여기 벌레가 기어다니는 거를 본다든지 아니 벌레가 기어다니는 이런 느낌을 경험을 하는 거예요 맞아 옛날에 이번 치료 했던 분 중에 본 적 있는 거 같아요 그래서 이제 계속 긁다 보니까 예 손상되고 문제가 되는 거죠 이것뿐만 아니라 정말로 장기적으로 사용했을 때 호흡이 억제가 될 수도 있고 영양 섭취나 이런 것 때문에라도 정말 사망에까지 미를 수가 있거든요 특히 정말 10대 20대에서 많이 사용한다고 말씀을 드렸는데 정말 이게 충격 적이고이 시기에 사용을 하게 되면 정말이 남아 있는 인생이 예 다 망가질 수가 있는 거잖아요 혹시 모르고 한번 해 볼까라고 생각하셨던 분이 계시다면 오늘 영상을 통해서 아 이렇게 위험한 물질이나 하면 안 되는 거구나라는 걸 꼭 아셨으면 좋겠습니다 오늘 영상도 유익하셨다면 구독 좋아요 알림 설정과 댓글 쓰기까지 부탁드립니다 감사합니다 계속 보세요
